project_id,project,chunks
65906,android/platform_packages_apps_settings,58177
2970227,AOKP/packages_apps_Settings,55452
65885,android/platform_frameworks_base,41378
3518171,sebastianbenz/Jnario,10384
4212733,RealVNC/android-frameworks-base-with-screenshot-tweaks,10346
4103388,tyndale/step,8726
2902099,AOKP/frameworks_base_disabled,8601
2045207,eclipse/jetty.project,7747
3436327,peteralfonso/platform_packages_apps_Settings,7357
3518362,adetaylor/android-frameworks-base-with-remote-control-service,7105
3129899,IceColdSandwich/android_frameworks_base,7101
3661343,CCI-MIT/XCoLab,7048
65896,android/platform_packages_apps_contacts,6415
4310801,allwinner-ics/platform_frameworks_base,6100
2524488,apache/accumulo,6086
852291,CyanogenMod/android_packages_inputmethods_LatinIME,5223
1006053,TeamDev-Ltd/OpenFaces,4859
3061471,AOKP/packages_input_LatinIME,4129
1775980,zkoss/zk,4101
3032375,AOKP/packages_apps_Contacts,3778
1795594,eucalyptus/eucalyptus,3766
3044195,CyanogenMod/android_packages_apps_Trebuchet,2652
3405664,jgralab/jgralab,2645
223355,alexo/wro4j,2570
65904,android/platform_packages_apps_packageinstaller,2568
2230984,cgjones/android-frameworks-base,2154
2988101,nuxeo/nuxeo,2119
1438007,MovingBlocks/Terasology,2074
2387149,CyanogenMod/android_packages_apps_PackageInstaller,2072
1281170,CyanogenMod/android_packages_apps_Calendar,2019
2138392,Unidata/thredds,2011
65894,android/platform_packages_apps_calendar,2003
1022930,CloudStack-extras/CloudStack-archive,1988
581356,holmbergius/Wildbook,1765
1971081,SINTEF-9012/ThingML,1757
4591214,UniversalMediaServer/UniversalMediaServer,1700
758323,CyanogenMod/android_packages_apps_Camera,1692
65895,android/platform_packages_apps_camera,1685
4298816,SeqWare/seqware,1674
1553790,eclipse/jgit,1669
50229487,apache/lucene-solr,1658
1553758,eclipse/xtext,1639
185026,freenet/fred,1605
762119,atlasapi/atlas,1598
807037,miurahr/nevernote,1592
507775,elastic/elasticsearch,1584
4550224,boussouira/android-arabic-reader,1555
4096259,yuriykulikov/AlarmClock,1501
1461609,zanata/zanata-server,1487
899555,errai/errai,1474
1965842,alkacon/opencms-core,1472
3501591,AOKP/packages_apps_DeskClock,1459
578435,twitter/elephant-bird,1447
2614085,Jasig/uPortal,1404
3241778,AOKP/packages_apps_Browser,1372
65892,android/platform_packages_apps_browser,1369
2970258,AOKP/packages_apps_Phone,1350
1085124,qcadoo/mes,1304
2292534,peteralfonso/platform_packages_apps_Phone,1295
961036,hibernate/hibernate-orm,1282
726492,getrailo/railo,1276
2709026,revolsys/com.revolsys.open,1260
217482,Ramblurr/Anki-Android,1257
684382,bigbluebutton/bigbluebutton,1255
65902,android/platform_packages_apps_mms,1253
512295,grails/grails-core,1232
3432266,JetBrains/kotlin,1165
763084,CyanogenMod/android_packages_apps_Launcher2,1143
2988709,nuxeo-archives/nuxeo-features,1127
2076157,dzo/packages_apps_phone,1119
4147239,enonic/xp,1116
2316202,jtalks-org/jcommune,1103
4084908,realm/realm-java,1099
206437,apache/directory-server,1099
4021475,Teiid-Designer/teiid-designer,1076
4039117,codehaus/izpack,1059
252276,kohsuke/hudson,1023
3104540,apavlo/h-store,1000
3743376,DSpace/DSpace,995
3317536,leandrocruz/xingu,991
554343,jponge/izpack,986
302322,gradle/gradle,978
1610564,fabric8io/fabric8,944
1553787,eclipse/egit,927
1765693,cometd/cometd,909
1553793,eclipse/linuxtools,908
3935748,exoplatform/ecms,897
3766330,pentaho/mondrian,875
1773754,essentials/Essentials,865
1312351,bio4j/bio4j,853
270475,apache/myfaces,833
1951088,yuyang226/FlickrjApi4Android,814
202417,ericdes/nuxeo-features,813
1222504,SonarSource/sonarqube,813
2443380,MLCL/Byblo,791
996290,CyanogenMod/android_packages_apps_Bluetooth,760
1545929,asakusafw/asakusafw,754
214605,voldemort/voldemort,731
2576064,societies/SOCIETIES-Platform,720
501687,antlr/antlr4,719
2499172,kuk0/alg-vis,718
2459836,FAP-Team/Fap-Module,717
2003641,swagger-api/swagger-core,710
1317787,structr/structr,705
4147415,cismet/cids-server,702
338397,openengsb/openengsb,690
4586516,candlepin/candlepin,688
206318,apache/fop,669
2442452,usc-isi-i2/Web-Karma,650
1644192,apache/ftpserver,637
2387146,CyanogenMod/android_packages_apps_Nfc,627
3301400,MinecraftForge/MinecraftForge,621
3937364,exoplatform/platform,617
206479,apache/qpid,610
3669065,open-keychain/open-keychain,593
1116314,Qi4j/qi4j-sdk,592
681003,todoroo/astrid,589
671825,Graylog2/graylog2-server,588
2344488,evllabs/JGAAP,569
1456576,sebastianbenz/eclipse-task-editor,550
489511,walware/ecommons-uimisc,550
3548254,thinkaurelius/titan,548
2489216,JetBrains/intellij-community,548
4400676,Sage-Bionetworks/Synapse-Repository-Services,541
2666605,eclipse/eclipse.jdt.core,536
1783085,richfaces4/components,535
536777,ekoontz/hadoop-common,532
2784643,floodlight/floodlight,531
511297,hector-client/hector,531
1326671,k9mail/k-9,528
520146,bcdev/beam,517
206418,apache/continuum,514
123138,walware/statet,502
1258570,osmandapp/Osmand,497
229738,jdbi/jdbi,493
1545716,jgf/wala-mirror,493
4630534,docdoku/docdoku-plm,484
2700159,alibaba/druid,484
1147463,rstudio/rstudio,482
3933009,exoplatform/social,477
3729629,dotCMS/core,476
3582763,mtotschnig/MyExpenses,473
2666687,eclipse/bpmn2-modeler,473
65914,android/platform_packages_providers_downloadprovider,465
4457770,i2p/i2p.i2p,463
927516,CoreMedia/jangaroo-tools,459
533032,linkedin/sensei,452
2083105,casmi/casmi,448
2403733,thialfihar/apg,443
3114475,tomp2p/TomP2P,438
2681808,sbrossie/killbill,438
2996011,imglib/imglib2,430
777444,rhuss/jolokia,429
3943003,wala/WALA,429
2828791,noisecapella/bostonbusmap,427
86149,unclebob/fitnesse,419
879102,CyanogenMod/android_libcore,413
2928948,Azure/azure-sdk-for-java,411
2988686,nuxeo-archives/nuxeo-core,410
390004,apache/tuscany-sca-2.x,410
1520916,wocommunity/wonder,409
4613662,adangel/pmd,408
2802488,temenostech/IRIS,408
2258075,camsys/onebusaway-application-modules,407
2028724,cgeo/cgeo,406
2254581,nikotsunami/osce,405
3913468,stormpath/stormpath-sdk-java,400
1081991,ops4j/org.ops4j.pax.exam2,397
206451,apache/ode,396
1161862,spockframework/spock,392
4156521,EnderWiggin/Custom-Salem,385
3833897,fenix-framework/fenix-framework,384
1711467,impetus-opensource/Kundera,378
2782691,forcedotcom/SalesforceMobileSDK-Android,376
1153431,betterFORM/betterFORM,375
2618757,webx/citrus,374
3938063,exoplatform/cs,371
206333,apache/axis2-java,369
660443,cdk/cdk,369
715605,xetorthio/jedis,365
762122,atlasapi/atlas-persistence,359
1287859,ceylon/ceylon-compiler,357
2752522,geotools/geotools,353
2192825,wdev/struts2,353
4237245,jop-devel/jop,349
3394544,SomeHero/Android-Application,349
2424377,carrot2/carrot2,344
206403,apache/jackrabbit,340
3471752,fluxtream/fluxtream-app,339
688352,apache/jmeter,337
121672,cwensel/cascading,336
4147412,cismet/cismap-commons,334
749137,Atmosphere/atmosphere,334
4084995,openMF/mifosx,331
4341918,BayesianLogic/blog,330
2995118,EBISPOT/goci,326
762124,atlasapi/atlas-feeds,326
4039151,codehaus/btm-git,325
1342925,operasoftware/operaprestodriver,325
712006,ohmage/server,325
991965,Qi4j/qi4j-core,324
65903,android/platform_packages_apps_music,324
2148395,imagej/ImageJA,322
1163141,fcrepo3/fcrepo,322
3421155,jtalks-org/jtalks-common,320
2550502,bluesoft-rnd/aperte-workflow-core,320
4335576,uberfire/uberfire,320
206452,apache/roller,319
2899580,AxonFramework/AxonFramework,318
2387136,CyanogenMod/android_packages_apps_CertInstaller,318
3040093,michaelsembwever/Sesat,317
3430789,griddynamics/jagger,316
4291387,Netflix/archaius,314
4223953,zkoss/zkthemes,313
3333923,futurebazaar/platform,313
276960,erikwt/ParandroidMessaging,308
1872106,jboss-developer/jboss-eap-quickstarts,307
684930,Wysie/android_packages_apps_Camera,306
123146,walware/rj-core,304
3943387,exoplatform/jcr,303
3170731,WiQuery/wiquery,302
4270226,gkhachik/katello-api,298
206338,apache/directory-shared,296
2112231,MCTCP/TerrainControl,295
3993813,brettwooldridge/bitronix-hp,295
206370,apache/nutch,289
65833,android/platform_dalvik,280
3843585,akvo/akvo-flow,280
2408915,RoboBinding/RoboBinding,280
3604581,eclipse/objectteams,276
4119384,zanata/zanata-client,274
1274071,dukeboard/kevoree,274
637936,graphstream/gs-core,270
4356700,d3scomp/JDEECo,263
4387088,codinguser/gnucash-android,263
4134291,Catrobat/Musicdroid-deprecated,261
2681994,mitreid-connect/OpenID-Connect-Java-Spring-Server,259
4038985,codehaus/groovy-git,250
2387159,CyanogenMod/android_packages_apps_Tag,250
1271699,cpesch/RouteConverter,250
4546290,NGDATA/lilyproject,249
209367,smart-it/smart-user,249
2831597,nicolasgramlich/AndEngineExamples,249
4709330,naver/ngrinder,245
745187,xtremelabs/robolectric,242
3116751,excilys/androidannotations,239
4158448,magefree/mage,239
1039013,Amab/SWADroid,238
1911523,eclipse/vert.x,233
2466190,apptentive/apptentive-android,232
4206953,StoryMaker/storymaker,231
3333998,timmolter/XChange,230
3513191,te-con/ehour,230
1737721,xZise/Bukkit-Plugin-Utilties,229
206384,apache/log4j,229
377005,riotfamily/riot,228
3876814,brooklyncentral/brooklyn,227
760231,CyanogenMod/android_packages_providers_MediaProvider,226
65918,android/platform_packages_providers_mediaprovider,225
1767164,resthub/resthub-spring-stack,225
2387134,CyanogenMod/android_packages_apps_Calculator,223
3086698,openstreetmap/mkgmap,223
1862149,buddycloud/buddycloud-server-java,223
1783090,richfaces4/showcase,217
939852,apache/commons-validator,216
489859,jclouds/legacy-jclouds,214
3200859,DawnScience/dawn-ui,209
3337772,duracloud/duracloud,208
2491652,demoiselle/framework,208
1572027,sdorra/scm-manager,208
1553788,eclipse/egit-github,206
835507,nysenate/OpenLegislation,206
4288682,Luxoft/Twister,202
1962219,cucumber/cucumber-jvm,202
3628180,ippontech/tatami,202
762127,atlasapi/atlas-model,201
206357,apache/pig,201
3263026,collectionspace/application,200
3444286,ddoa/game-api-android,198
1754048,JPaxos/JPaxos,197
1930753,linkedin/helix,197
3637752,Mindtoeye/Hoop,196
3928913,exoplatform/integration,195
1338634,wf4ever/rodl,193
3868277,epfldata/squall,193
3847504,entwinemedia/weblounge,191
2387156,CyanogenMod/android_packages_apps_Stk,190
4253330,openjdk-mirror/jdk7u-jdk,190
3038937,FasterXML/jackson-databind,188
2822374,phenoscape/phenoscape-nlp,185
3816238,buchen/portfolio,185
4416959,apache/tapestry-5,185
160991,apache/tapestry5,185
3110222,fluxroot/jcpi,183
536411,senseidb/zoie,183
3130403,pm4j/org.pm4j,183
255478,orbeon/orbeon-forms,182
4597760,pentaho/pentaho-platform,181
65891,android/platform_packages_apps_alarmclock,179
3382195,cloudfoundry/uaa,178
3368190,getsentry/raven-java,177
2806410,picketlink/picketlink,176
206483,apache/maven,176
2425118,sanity/quickml,175
1592475,skyscreamer/yoga,172
2801932,EntandoOldVersions/entando-plugins-parent,171
865412,OpenTSDB/opentsdb,171
1100771,Whiley/WhileyCompiler,170
2125920,linqs/psl,169
1163542,jenkinsci/clearcase-plugin,169
2387174,CyanogenMod/android_sdk,168
1554165,I-TECH/OpenEMRConnect,168
2937515,mozilla-b2g/android-sdk,167
1966284,broadgsa/gatk,166
944627,FrontlineSMS-Credit/plugin-paymentview,165
1783089,richfaces4/dev-examples,165
3424398,gwenn/sqlite-jna,164
1017227,sk89q/CraftBook,161
1984080,movsim/movsim,161
4237804,johngodoi/Maritaca_SD_version,161
2535162,slipcor/pvparena,161
276051,RobotCaleb/Mario-AI-Competition-2009,161
533584,mgenov/gwt-scheduler,160
545870,jkreps/azkaban,159
3368998,projectdanube/xdi2,159
3604565,eclipse/rmf,158
1526083,KaneRoot/SNCF,158
3592583,de-tu-berlin-tfs/Henshin-Editor,158
2061716,delving/sip-creator,157
1387559,Awful/Awful.apk,157
597431,rapidftr/RapidFTR-Android,156
3480666,graphhopper/graphhopper,156
3657930,apache/jackrabbit-oak,152
4220321,TexasDigitalLibrary/Vireo,152
1462911,iluxo/jgit-clone,152
17832726,cucumber/gherkin,151
508590,tinkerpop/blueprints,149
2452428,sneaker/Mediastopf,148
1864099,richfaces/richfaces-qa,148
3857240,MinecraftForge/FML,147
1592732,Ineedajob/RSBot,147
2988728,nuxeo-archives/nuxeo-theme,146
1089149,spring-projects/spring-batch,145
2886548,ljader/redmine-mylyn-plugin,145
1777352,splunk/splunk-sdk-java,145
108050,mongodb/mongo-java-driver,144
1681525,kurtharriger/spring-osgi,144
2910598,NightWhistler/PageTurner,144
1879842,Benoker/DockingFrames,144
1307005,thucydides-webtests/thucydides,144
2045079,eclipse/cdt,143
879230,sonatype/sisu-guice,143
283288,aptana/Pydev,142
3841670,openworm/org.geppetto.core,142
482087,nobunobuta/android_packages_apps_Browser,141
3706513,malla/TDA367,141
2079469,Netflix/Priam,141
918574,ops4j/org.ops4j.pax.web,140
763770,jri/deepamehta,140
2011647,Rajawali/Rajawali,139
2090979,spring-projects/spring-integration,138
1367811,hudson/hudson-2.x,138
2988725,nuxeo-archives/nuxeo-services,137
2783471,celements/celements-core,136
4732208,appfuse/appfuse,136
3934425,exoplatform/kernel,135
466142,wwadge/bonecp,133
185357,freenet/plugin-Freemail,133
65893,android/platform_packages_apps_calculator,132
2691222,Factual/factual-java-driver,131
4441924,INCF/eeg-database,131
4052040,NearInfinityBrowser/NearInfinity,130
1128141,aalmiray/Json-lib,129
3411805,foursquare/fongo,128
206322,apache/maven-plugins,128
4039141,codehaus/jbehave-core,126
644197,jbehave/jbehave-core,126
205414,apache/felix,125
2930379,OpenIAM/openiam-idm-ce,124
1480066,twitter/cloudhopper-smpp,121
832025,cyclestreets/android,120
766548,lmco/eurekastreams,120
3393127,liferay/liferay-faces,118
1239647,AbstractedSheep/Shuttle-Tracker,118
4514057,xbib/xbib,115
944926,sk89q/WorldEdit,114
644785,aptana/studio3-php,114
1214753,boombuler/ADWLauncher2,114
2988692,nuxeo-archives/nuxeo-distribution,114
2046399,JetBrains/teamcity-nuget-support,114
3385857,Mobiperf/MobiPerf,113
1944249,serso/android-calculatorpp,113
4501719,eclipse/rap,112
1311849,atlasapi/atlas-search,112
2737689,mapfish/mapfish-print,112
4506938,goobi/goobi-production,112
2387153,CyanogenMod/android_packages_apps_QuickSearchBox,112
1777378,joshua-decoder/joshua,111
958922,open2jamorg/open2jam,111
309964,ProjectCCNx/ccnx,111
4463901,ArcBees/arcbees-website,110
4723174,synyx/messagesource,109
1132569,Hidendra/LWC,109
1861206,AbFab3D/AbFab3D,108
3424353,OneBusAway/onebusaway-application-modules,107
1528861,usb4java/usb4java,107
4480766,dcm4che/dcm4chee-xds,107
2685841,phenotips/phenotips,107
1535495,eguller/twitstreet,107
805702,sreichholf/dreamDroid,106
2433623,cloudfoundry/cf-java-client,106
2327479,fanfoudroid/fanfoudroid,106
1341845,taweili/ardublock,106
483644,quran/quran_android,105
184604,yusuke/twitter4j,105
2996995,restlet/restlet-framework-java,105
1370856,guardianproject/ChatSecureAndroid,105
2710254,yahoo/omid,105
2287856,AceWiki/AceWiki,104
2988735,nuxeo-archives/nuxeo-webengine,104
760227,CyanogenMod/android_packages_providers_CalendarProvider,103
1904,dustin/java-memcached-client,103
2988721,nuxeo-archives/nuxeo-runtime,103
3672602,pixmob/freemobilenetstat,102
1974165,sozialhelden/wheelmap-android,102
1451060,JakeWharton/ActionBarSherlock,101
3565779,Unidata/IDV,101
2701659,ninetwozero/BF3-Battlelog,99
2935040,romanzenka/swift,99
1550964,ObeoNetwork/UML-Designer,99
1272129,dropwizard/dropwizard,99
1241382,graniteds/graniteds,98
500013,jenkinsci/trilead-ssh2,97
2158982,querydsl/querydsl,97
3918537,barchart/barchart-feed-ddf,96
4150249,freshplanet/ANE-Facebook,95
760216,CyanogenMod/android_packages_apps_Gallery3D,95
1794210,joliebig/featurehouse,95
1321711,weigo/NWDI-Core-Plugin,95
1507101,cmader/qSKOS,94
887840,jackpal/Android-Terminal-Emulator,94
3993169,lievendoclo/Valkyrie-RCP,93
1870998,rongjihuang/bc-framework,93
2843063,kdeforche/jwt,93
2636723,HvB/UsbGps4Droid,92
3595028,pixmob/httpclient,92
2680621,openmrs/openmrs-module-htmlformentry,92
832681,apache/tomcat70,92
1783046,apache/karaf-cellar,92
2442457,apache/ambari,92
3468420,rinde/RinSim,92
4179538,curtisullerich/attendance,91
3180683,Sebastian-Rostock/java.bee-creative,91
1568045,Mobisocial/dungbeetle,91
2288152,Praqma/ClearCaseUCMPlugin,90
994149,CyanogenMod/android_packages_apps_SoundRecorder,89
230296,apache/wss4j,89
4674119,AndlyticsProject/andlytics,88
1555007,Belphemur/AdminCmd,88
2458834,skuzzle/polly,88
3020223,troed/Courier,88
2508768,ceylon/ceylon.language,88
2711259,danbernier/WordCram,88
367061,sgothel/jogl,87
1132967,raffaeleguidi/DirectMemory,87
703385,360/360-Engine-for-Android,87
2689039,openxc/openxc-android,87
2125451,boundlessgeo/GeoGig,86
537800,dropwizard/metrics,86
4054003,winniehell-wasteland/beavers,85
3203842,mballance/sveditor,85
4086423,davemckain/qtiworks,85
1546909,Multiverse/Multiverse-Core,84
4138309,twitter/ambrose,84
4306911,archmagece/bs-tools-java,84
2837141,CERN/apvs,84
3484241,nroduit/Weasis,84
4225369,G2G3Digital/substeps-core,84
3249493,Mobiperf/Speedometer,84
2334806,fbacchella/jrds,83
4324368,philglover/pitclipse,83
2127919,apache/webservices-axiom,83
221862,rzwitserloot/lombok,83
1473579,arekinath/jop,83
3113319,mayocat/mayocat-shop,83
745749,cbeust/testng,83
2623406,internetarchive/heritrix3,83
3580492,datasalt/pangool,82
876489,lintool/Ivory,82
2157560,fozziethebeat/S-Space,82
4564743,unitycoders/uc_pircbotx,82
48129824,eclipse/paho.mqtt.java,82
3204265,msushkov/CS141HW,82
4515709,hbcit2010software/hbcitsports,81
2404027,nathanmarz/storm,81
1420024,miracle2k/android-platform_sdk,81
4289470,amininger/abolt,81
3641311,ArtificerRepo/artificer,80
4005700,SWPUebersetzerbauSS12/swp-uebersetzerbau-ss12,80
1625986,jOOQ/jOOQ,79
797165,dekellum/iudex,79
1328283,LiveRamp/hank,79
51486,aschearer/shade,78
4189503,I-TECH/openmrs-module-kenyaemr,78
988008,CSEMike/OneSwarm,78
3282565,okleine/nCoAP,78
3795475,marcusstenbeck/tnm082-challenge,78
4614129,ecsec/open-ecard,77
1688262,SpoutDev/Spout,77
4142168,meltmedia/cadmium,77
2997662,powertac/server-main,76
33945,sparklemotion/nokogiri,76
2836228,sriksun/Ivory,76
1553754,eclipse/orion.server,76
1510402,Praqma/cool,75
2961536,tmyroadctfig/jnode-old,75
2231586,Tahkeh/LoginMessage,75
3947139,crosswire/jsword,75
4727060,motech/motech-campaign-demo,74
4035694,jcandefors/TravelPlanner,73
1354561,droolsjbpm/guvnor,73
1388190,slapperwan/gh4a,73
3961226,Jadenko/MoodleXml,73
1812602,forcedotcom/java-sdk,73
2036600,Enough-Software/j2mepolish,72
1148753,spring-projects/spring-framework,72
1649019,CyanogenMod/android_packages_providers_ContactsProvider,71
3343763,openpixi/openpixi,71
307476,twilio/twilio-java,71
1576747,openelisglobal/openelisglobal-core,71
198799,ushahidi/Ushahidi_Android,70
1112045,MoSync/Eclipse,70
1990682,UweTrottmann/SeriesGuide,70
2391583,t-oster/VisiCut,70
4606342,vmware-serengeti/serengeti-ws,70
2744580,dpalmisano/NoTube-Beancounter-2.0,69
2694845,openshift/openshift-java-client,69
4094989,zafarella/caao,69
2316191,pentaho/data-access,69
3169958,spacecowboy/NotePad,68
3661550,axtimwalde/mpicbg,68
1937202,gitblit/gitblit,67
2308614,awltech/org.parallelj,67
3112411,mcMMO-Dev/mcMMO,67
617814,helloworld1/AnyMemo,67
186007,orfjackal/tdd-tetris-tutorial,67
1273791,atilika/kuromoji,67
977599,battlecode/battlecode-client,67
2544305,tomakehurst/wiremock,67
1342891,jbossas/console,66
1219995,guardianproject/ObscuraCam,66
7915,cyberfox/jbidwatcher,66
1581151,itm/wsn-device-drivers,66
3061876,evrythng/evrythng-java-sdk,66
4634707,intel-hadoop/HiBench,66
2470730,spring-projects/spring-data-neo4j,66
3207878,spring-projects/spring-ide,65
4436582,cbsrbiobank/labelPrinter,65
493451,felixb/websms,65
206317,apache/camel,64
4476507,mobile-km/small-team-km-android-client,64
1889544,griffon/griffon,64
514315,tinkerpop/rexster,64
3808230,Findwise/Hydra,64
165183,maxcom/lorsource,63
2925736,MattiSG/SemWiktionary,63
997515,oscarkey/BBC-News-Reader,63
4365265,splunk/splunk-shuttl,63
185075,freenet/plugin-WebOfTrust,63
4106193,StratusLab/storage,63
3416578,igvteam/igv,62
912225,Gornova/MarteEngine,62
992007,Qi4j/qi4j-libraries,62
4200941,android-spa-titech/HQTP,62
2489042,YakushevVladimir/BibleQuote-for-Android,62
818509,mixpanel/mixpanel-android,61
2137404,casmi/casmi-examples,61
2544900,seage/seage,60
858685,bcdev/sst-cci-toolbox,60
4529925,CampagneLaboratory/goby,60
4110881,zanata/zanata-common,60
4435290,objectledge/ledge,60
3666023,AKSW/SAIM,60
3037907,FasterXML/jackson-core,60
3232851,adamarla/documentMaster,60
690219,intervigilium/MicDroid,59
1163489,jenkinsci/copyartifact-plugin,59
322018,apache/aries,59
2479886,yamcs/yamcs,59
909024,xetorthio/johm,59
3440013,skomazec/Sparkweave,59
2649361,sylvanaar/IDLua,59
3349948,SOLA-FAO/clients,59
1518492,LiveRamp/jack,59
3745966,bryankate/simbeeotic,59
4056986,MythTV-Clients/MythTV-Android-Frontend,59
2755654,AKSW/SPARQL2NL,59
3836962,st-js/st-js,58
1204125,p6spy/p6spy,58
1707059,stoicflame/enunciate,58
206350,apache/cayenne,58
1055367,Bombe/Sone,57
1195852,Talend/tesb-rt-se,57
4193864,nasa/mct,57
3454920,thomasahle/TrinityProject,57
3204437,frostwire/frostwire-android,57
4297356,iee/iee,56
4537945,OpenTreeOfLife/treemachine,56
3240425,coderplay/dragon,56
252458,silentmatt/dss,56
3732695,eksopl/asagi,55
4085998,CESNET/perun,55
273909,merxbj/src,55
1820120,garbagemule/MobArena,55
1454919,OpenMEAP/OpenMEAP,55
1176274,taoneill/war,55
1859347,datasift/datasift-java,55
3688678,emilsjolander/StickyListHeaders,55
1312588,sandsmark/QuasselDroid,55
1761998,mvel/mvel,55
2329961,Cloudname/cloudname,54
3714676,kkoning/Agency,54
2805238,travistabbal/providers_contacts,54
3766073,eliwald/Arrows-and-Circles,53
3584230,bloodrizer/libroguelike,53
3493414,mikemcquaid/Whiteboard,53
3615238,DenizenScript/Denizen-For-Bukkit,53
1635932,lessthanoptimal/BoofCV,53
3598292,vivo-project/VIVO-Harvester,53
1165813,jenkinsci/jclouds-plugin,53
4533231,jprante/elasticsearch-jdbc,53
2385699,Legroupesuper/Objets--Chimiques--Java---INSA-4info,52
797000,jkff/ire,52
321370,nimbusproject/nimbus,52
2686932,vaadin/tori,52
1871509,BetaCONCEPT/astroboa,52
4014288,shlusiak/Freebloks-Android,52
4180644,Raxa/raxacore,52
3966970,RegalOwl/HyperConomy,51
206694,mdoube/BoneJ,51
2156455,ceylon/ceylon-ide-eclipse,51
3077654,ceylon/ceylon-js,51
4110672,zanata/zanata-api,51
238459,laurentpetit/ccw,51
2278928,ndw/xmlcalabash1,51
3722291,Jasig/CalendarPortlet,51
4575927,ryantenney/metrics-spring,50
1379319,rdlester/hermes,50
491389,jweese/thrax,50
1421658,spring-projects/spring-social,50
3211197,ladriangb/jFASTSJ-base-src,50
959520,battlecode/battlecode-server,50
3933349,exoplatform/ws,50
3686654,JetBrains/intellij-plugin-verifier,50
4640329,objectify/objectify,50
1683074,lump/envelope,50
1424005,twitter/commons,50
1783083,richfaces4/core,49
276256,sunlightlabs/congress-android,49
4610430,ninjaframework/ninja,49
116547,cucumber/cuke4duke,49
2469892,mkarneim/pojobuilder,49
930571,droolsjbpm/jbpm,48
3591205,theleadingzero/QMHH,48
4501722,eclipse/nebula.widgets.nattable,48
3276212,imagej/imagej,48
4348575,Orange-OpenSource/ATK,48
3197601,philihp/weblabora,48
3398614,Atmosphere/nettosphere,48
1516026,qcadoo/qcadoo,48
409631,matburt/mobileorg-android,48
2316136,pentaho/modeler,48
2882241,nuxeo/nuxeo-dam,48
4007590,iipc/openwayback,48
3765814,openstack-atlas/atlas-lb,47
1772523,romanchyla/montysolr,47
4442170,prakashchandrasekaran/Pregel,47
537460,senseidb/bobo,47
206412,apache/wicket,47
3514615,JRebirth/JRebirth,47
2190061,hpcc-systems/EclipsePlugin,47
3110580,jpollard/Pocket-Books-Pro,47
2423222,greenqloud/cyberduck,47
1244027,ModeShape/modeshape,46
1720134,geosolutions-it/geoserver-manager,46
206368,apache/poi,46
3842880,gitools/gitools,46
4201132,error414/settigs-mobile,46
3012555,Spoutcraft/SpoutcraftPlugin,46
4431407,Crunch09/memory,46
4614078,LEMS/jLEMS,46
2493904,apache/tomcat,46
1116069,jpcamara/Goson,46
1206855,wicketstuff/core,45
2127774,Spoutcraft/Spoutcraft,44
1303622,gosu-lang/old-gosu-repo,44
1971346,msgpack/msgpack-java,44
1017889,brix-cms/brix-cms,44
2800916,hmsonline/storm-cassandra,44
4142008,rundeck-plugins/rundeck-winrm-plugin,44
1624209,FasterXML/jackson-dataformat-csv,44
1981819,rackerlabs/atom-hopper,44
2304277,spring-projects/spring-roo,44
3449961,pestt/PESTT,44
4341250,bazaarvoice/ostrich,44
200121,constretto/constretto-core,44
1628492,mulesoft/facebook-connector,44
1553771,eclipse/virgo.medic,44
905232,ops4j/org.ops4j.pax.runner,43
3743505,guardianproject/InformaCore,43
1106404,Salaboy/emergency-service-drools-app,43
4385294,thymeleaf/thymeleaf,43
2736952,sconealone/cs304,43
3939568,exoplatform/mobile-android,42
3291848,pac4j/pac4j,42
3440414,Notalib/nota.oxygen,42
2236771,threerings/playn,42
1149962,helianbobo/FlipDroid,42
2313664,ObeoNetwork/TOGAF-Designer,42
1661042,SimpleServer/SimpleServer,42
3359672,scribbler87/dajkta-location-based-social-network,42
2190139,dma-graveyard/ee-INS,42
154520,caelum/vraptor,42
1640726,multimediabs/cudl,42
1217745,bogeblad/infoglue,42
1077753,novoda/sqlite-provider,42
125893,nodebox/nodebox,41
3669866,ebraminio/DroidPersianCalendar,41
4078892,0xCopy/RelaxFactory,41
4241340,tordanik/OSM2World,41
1768307,aaberg/sql2o,41
4012450,kshoji/USB-MIDI-Driver,41
1337781,arquillian/arquillian-graphene,41
2851168,Malkierian/PlasmaCraft,41
3593224,phenoscape/Phenex,40
1687930,mkalam-alami/inventory-tweaks,40
2552682,pentaho/marketplace,40
123235,connectbot/connectbot,40
733708,loganj/foursquared,40
1394092,spring-projects/greenhouse,40
128476,bndtools/bndtools,40
2811945,team467/Team467-FRC-Robot-Code,40
1618473,ctron/org.openscada.atlantis,40
2049379,Netflix/curator,40
4494145,cleverage/play2-elasticsearch,40
614578,eleybourn/Book-Catalogue,40
1361050,cheeseinvert/geocamTalkForAndroid,40
2124337,willowtreeapps/OAK,40
313577,OKullmann/CS-M41-Programming-in-Java,40
3631138,BenDoan/Infotec-College-Finder,39
3861343,IgorGanapolsky/RussiaMediaSearch,39
1362032,sanity/tahrir,39
2237252,Zipwhip/zipwhip-api,39
2382487,flite/cach3,39
2736780,alclabs/ZoneHistory,39
4726093,Sable/soot,39
2236831,mulesoft/quickbooks-connector,39
2703906,clementgallet/FiveStage444,39
1873881,nutzam/nutz,39
839663,pilhuhn/ZwitscherA,38
481412,TooTallNate/Java-WebSocket,38
4229871,SumoLogic/sumo-java-client,38
3639113,webdetails/cpf,38
1266304,EnderWiggin/Haven-and-Hearth-client-modified-by-Ender,38
782257,jawi/ols,38
3933719,exoplatform/core,38
1567014,itm/netty-protocols,38
3682491,synthetos/tgFX,38
936567,alexcraig/RoboWars,38
1163441,jenkinsci/artifactory-plugin,37
284156,talklittle/reddit-is-fun,37
3947646,razzintown/GangWars,37
1089023,rfqu/df4j,37
4203660,brandonwillard/open-tracking-tools,37
1553762,eclipse/ecf,37
3314314,KLIMaka/golem,37
4435411,Philzen/WebView-MultiTouch-Polyfill,36
65887,android/platform_frameworks_policies_base,36
1384063,nrao/nubbles,36
2475461,mambu-gmbh/Mambu-APIs-Java,36
3788244,mboudreau/Alternator,36
1163626,jenkinsci/jira-plugin,36
735386,abarisain/dmix,36
3869967,soluvas/soluvas-framework,36
2862290,nostra13/Android-Universal-Image-Loader,36
2997701,Netflix/servo,35
259963,Mondego/Sourcerer,35
2021224,liquibase/liquibase-hibernate,35
2393437,sikuli/sikuli,35
1705960,perwendel/spark,35
2828194,nicolasgramlich/AndEngine,35
2671400,mjsalerno/ScreenCapture,35
3717474,sinuni/Fellesprosjektet,35
2852066,Biomine3000/biomine-tv,35
206632,apache/maven-archetype,35
4348419,bedditor/ohtu-Alarmclock,35
2470704,cts2/cts2-framework,35
2044029,Netflix/astyanax,35
3371841,splunk/splunk-library-javalogging,35
955908,pclewis/mcpatcher,34
1553794,eclipse/m2e-core,34
1680068,jesselong/deform,34
1116405,FasterXML/jackson-datatype-guava,34
3225934,webdetails/cdc,34
2123349,GeoLatte/geolatte-geom,34
1266725,mwebi/runnersHigh,34
205417,apache/maven-wagon,34
1553796,eclipse/epp.mpc,34
2724347,iron-io/iron_mq_java,34
283325,qos-ch/logback,34
1093116,spring-projects/spring-data-gemfire,34
3173813,sqlcipher/sqlcipher-android-tests,34
3555504,ubergeek42/weechat-android,34
1033614,functionaljava/functionaljava,34
2208629,pplante/droidtowers,34
1177919,ybonnel/TransportsRennes,34
834137,larsgeorge/hbase-book,34
21099,davidB/scala-maven-plugin,34
2183665,spring-projects/spring-data-cassandra,34
3464384,zidarsk8/galaxyCar,34
4278946,testinfected/simple-petstore,34
1462587,andekr/Timeline-App,33
2296700,apmasell/gisql,33
4181120,openphacts/queryExpander,33
500016,jenkinsci/xstream,33
1097653,arturh85/SyncDroid-SD,33
1615956,cbsrbiobank/scannerConfig,33
1351380,droolsjbpm/droolsjbpm-tools,33
892805,alexruiz/fest-assert-2.x,33
1783997,badiale/xCommerce,33
4411569,schst/xjconf-java,33
3178830,tcoxon/ComicViewer,33
1834857,mung3r/ecoCreature,33
1362234,jeppetto/jeppetto,33
2551414,xzhsh/CS162,33
2700474,alibaba/fastjson,32
1156136,radargun/radargun,32
713908,wertarbyte/android_packages_apps_ADWLauncher,32
3372684,frc3946/ReboundRumble,32
4522221,GreenTeam/FingerTwister,32
2496741,Flow86/Additional-Buildcraft-Objects-Mod,32
487399,tvrenamer/tvrenamer,32
1072630,spring-projects/spring-data-graph,32
3041952,tamingtext/book,32
4329056,gronnbeck/java-cluster-api,32
4117626,vcuculo/geowall-android,32
2383782,apache/oozie,32
1345741,MiniCodeMonkey/02343-CDIO-projekt,32
1511977,chipKIT32/chipKIT32-MAX,32
1286021,tadglines/Socket.IO-Java,31
532832,braintree/braintree_java,31
3139136,teatrove/teatrove,31
1368783,Icy-imaging/Icy-Kernel,31
3311130,perky/Minechem,31
2645586,jondwillis/ElectricSleep,31
892275,square/retrofit,31
3296177,lukas-krecan/JsonUnit,31
614347,hansinator/jgpfun,31
3362065,calabash/calabash-android,31
1081732,darranl/jbosgi,30
272776,kungfoo/java-mateview,30
2669075,linuxmotion/OpenLiveWallper,30
524658,olabini/ioke,30
2666712,eclipse/rt.equinox.framework,30
3802111,RedditAndroidDev/Tamagotchi,30
1936771,google/truth,30
37399,rictic/code_swarm,30
2136693,impactcentre/interoperability-framework,30
3936433,zkoss/zats,30
3199410,HabitatMap/AirCastingAndroidClient,30
1478413,fullwall/Citizens,30
1884629,pulse00/Twig-Eclipse-Plugin,30
3407932,3111H-Focus/Father-Focus,29
3638585,moravianlibrary/MEditor,29
1488933,tbsalling/aismessages,29
3987222,picketlink2/federation,29
3472187,CitizensDev/Citizens2,29
4530703,RS485/LogisticsPipes-Deprecated,29
4236936,tinfoilhat/tinfoil-sms,29
206364,apache/openjpa,29
3410353,OpenHMIS/openmrs-module-openhmis.commons,29
4217495,praiser/texas_holdem,29
1159471,jenkinsci/maven-hpi-plugin,29
1198673,rnfein/timer-for-android,29
4318309,xargsgrep/PortKnocker,29
2599752,ration/ratebeerforandroid,29
1450115,AsyncHttpClient/async-http-client,29
1592013,hudec/sql-processor,29
1828295,asascience-open/ncSOS,29
2762902,moy/JFlex,29
2161802,novoda/image-loader,29
3263659,rk4an/psiandroid,28
340634,resty-gwt/resty-gwt,28
1156656,mulesoft/mule-transport-amqp,28
2988699,nuxeo-archives/nuxeo-dm,28
1163422,jenkinsci/subversion-plugin,28
3533322,mobmewireless/tvticker,28
2469105,dynjs/dynjs,28
1649016,CyanogenMod/android_packages_providers_TelephonyProvider,28
4205771,urbanairship/android-samples,28
1553755,eclipse/emf.compare,28
651333,tulskiy/musique,28
1857560,prey/prey-android-client,28
3988708,heroku/heroku-eclipse-plugin,28
1388245,loopj/android-async-http,28
506874,arnolddevos/CIMTool,28
3261558,silverdev/HexGame,28
473362,ogrisel/mahout,28
1538255,riptano/brisk,28
38680179,rapla/rapla,28
693666,sunsuk7tp/MyCassandra,28
1169210,jenkinsci/ec2-plugin,28
832680,apache/maven-surefire,27
3200413,DawnScience/dawn-common,27
2842442,bendisposto/prob,27
3628563,pse-team2/eonum-client,27
427635,ervandew/eclim,27
2724472,FasterXML/jackson-dataformat-smile,27
4329588,headsupdev/agile,27
2583070,AEminium/AeminiumRuntime,27
3028697,emonty/gerrit,27
3694453,javajigi/slipp,27
3261642,nemec/BlueNet,27
3185642,frc2399/2012-code,27
4153911,CS-Worcester/TaskButler,27
2094401,mebigfatguy/fb-contrib,27
1824050,Wizcorp/phonegap-facebook-plugin,27
3694329,velo/flexmojos,27
1791649,arcao/Geocaching4Locus,27
1405454,markkerzner/FreeEed,26
1553764,eclipse/virgo.apps,26
4693967,FallenMoonNetwork/CanaryRecode,26
913591,reprogrammer/keshmesh,26
459348,jberkel/sms-backup-plus,26
1768380,spring-projects/spring-social-facebook,26
694779,ZhouWeikuan/cocos2d,26
3229418,gwtbootstrap/gwt-bootstrap,26
665357,ginatrapani/todo.txt-android,26
3230863,powertac/powertac-tournament-scheduler,26
2904216,4ntoine/Firmata,26
3819808,rnentjes/Simple-persistence,26
1557315,caelum/vraptor-dash,26
3433600,JFXtras/jfxtras-labs,26
662539,bcdev/coastcolour,26
4237080,graphtheorysoftware/GraphTea,26
1251049,cloudsmith/geppetto,26
2323329,matero/ae,26
1983092,spring-projects/spring-data-redis,26
3927535,playframework/modules.playframework.org,26
494735,maclennann/Athena-Chat,26
3701001,eternalmatt/KnightVisor,25
1163732,jenkinsci/perforce-plugin,25
2510313,neo4j-contrib/cypher-dsl,25
3425702,mulesoft/cloudhub-connector,25
767348,eskerda/CityBikes,25
3732883,gatein/gatein-portal,25
2687219,hagish/love-android,25
2595446,heroku/heroku.jar,25
4689369,sroj/VRP_ILS,25
3945855,stephenh/timeandmoney,25
1952566,eswartz/emul,25
2988715,nuxeo-archives/nuxeo-jsf,25
4356743,openintents/shoppinglist,25
1713322,socialize/socialize-sdk-android,25
180626,mathieuravaux/nutchbase,24
2875320,vznet/mongo-jackson-mapper,24
673425,sorcix/sIRC,24
3019584,bguerout/jongo,24
3151478,darshan-/Battery-Indicator-Pro,24
2328970,Xanindorf/AAAH-SNAYKUU,24
4420107,arrayexpress/annotare2,24
1201104,webbukkit/dynmap,24
4053100,ToureNPlaner/tourenplaner-server,24
385406,torquebox/jruby-maven-plugins,24
1660042,Smallbean/AndroidApp,24
4744497,vialab/SMT,24
2525628,thomasdewaelheyns/po-mindstorms,24
3732720,thinkaurelius/faunus,24
1088796,spring-projects/spring-amqp,24
1011539,jayway/rest-assured,24
762129,atlasapi/atlas-client,24
2255087,dusken/barweb,24
2415538,abiquo/commons-amqp,24
2389228,eclipse/gmp.graphiti,24
4330808,IntersectAustralia/exsite9,24
2428356,xebialabs/community-plugins,24
618103,liato/android-bankdroid,24
992751,bpa/gamed,24
1622755,makubi/SchoolPlanner4Untis,23
1118081,FasterXML/jackson-datatype-hibernate,23
4253334,openjdk-mirror/jdk7u-langtools,23
4737996,digital-preservation/droid,23
1354219,beangle/library,23
1455579,xwiki/xwiki-enterprise,23
1287669,jayway/JsonPath,23
4558398,WapStart/plus1-android-sdk,23
2055952,asksven/BetterBatteryStats,23
579395,geoffritchey/XML-batch-project,23
3791428,City-of-Bloomington/open311-android,23
236579,clafonta/Mockey,23
2040168,jenkinsci/remoting,23
1899652,knime-mpicbg/HCS-Tools,23
1249450,mulesoft/magento-connector,23
3153240,Winston1029/FriendsHost,23
856703,mongodb/mongo-hadoop,23
789280,yahoo/howl,23
468218,EddieRingle/hubroid,23
2255217,adufour/Active-Contours,23
1584506,pholser/jopt-simple,22
2478624,redline-smalltalk/redline-smalltalk,22
466102,rzwitserloot/lombok.ast,22
3722315,Jasig/CoursesPortlet,22
908709,fozziethebeat/C-Cat,22
442413,daproy/android_packages_apps_Settings,22
2767771,settinghead/tyful,22
1020601,jhalterman/modelmapper,22
320367,maven-nar/nar-maven-plugin,22
960355,datacite/mds,22
2626654,hdiv/hdiv,22
3879715,FasterXML/jackson-dataformat-yaml,22
2213380,mannd/epmobile,22
1911993,kohsuke/args4j,22
4075939,francisengelmann/SensorLab2_1337,22
4090314,FasterXML/jackson-dataformat-avro,22
714269,AndrewRosenberg/AuToBI,22
1261652,webbit/webbit,22
2660111,alt236/USB-Device-Info---Android,22
2796222,ObeoNetwork/Database-Designer,22
4157021,geosolutions-it/geostore,22
1177240,maxpower47/PinDroid,22
3409328,woorea/openstack-java-sdk,22
2308252,awltech/org.parallelj.studio,22
1889352,neo4j-contrib/graph-collections,22
2385099,kirakira/fatworm,21
2067252,dukeboard/kevoree-extra,21
3981299,tillnagel/unfolding,21
3945055,dblock/waffle,21
1839196,dooApp/FXForm2,21
3495215,nuxeo/nuxeo-signature,21
3977972,taskadapter/redmine-java-api,21
1281625,peichhorn/lombok-pg,21
2295667,lucmoreau/ProvToolbox,21
3626870,Prototik/HoloEverywhere,21
2634682,dondi/headmaster,21
2712100,Zolomon/AxisAndAndroids,21
2636600,seth-shaw/DataAccessioner,21
3242289,warmshowers/wsandroid,21
828529,IanWraith/DMRDecode,21
4098854,axisc/dbsiProject2,21
4726428,TGAC/miso-lims,21
2591983,willuhn/hbci4java,21
2587022,worldcooking/worldcooking,21
736726,geeksville/Gaggle,21
206402,apache/httpclient,21
363196,reevoo/reevoomark-java-api,20
3595884,TIRT-2012/JavaMessanger,20
1638055,bmeike/ProgrammingAndroidExamples,20
2516253,stackmob/stackmob-java-client-sdk,20
379199,tinkerpop/gremlin,20
3239814,redfish4ktc/maven-soapui-extension-plugin,20
4393933,searchbox-io/Jest,20
3558490,Rajawali/RajawaliExamples,20
367047,sgothel/gluegen,20
2828425,geisbruch/HadoopCryptoCompressor,20
1174593,spring-projects/spring-hadoop,20
2444883,deckmar/MIUN-HLS-Streamer,20
4019056,safreiberg/ExplodingFlowers,20
861028,RvonMassow/xDoc,20
3814729,xinthink/xinkvpn,20
3166021,callmeal/Flickr4Java,20
3127895,bmeike/ProgrammingAndroid2Examples,20
1548514,stapler/stapler,19
3250434,DozerMapper/dozer,19
864122,hhru/nuts-and-bolts,19
710933,paul-hammant/paranamer,19
1413446,tinkerpop/frames,19
2748858,webair/ch.bfh.advancedWeb.jass,19
3817060,NfcHackday/crack,19
3685383,koa/RAoA,19
2710338,italiangrid/voms-api-java,19
1570919,echo3/echo3,19
3186244,IsmAvatar/LateralGM,19
366720,trifork/erjang,19
4073175,Rovanion/FatBoy,19
2772799,eraldoluis/Large-Margin-Structured-Perceptron,19
1005396,TomTasche/OpenDocument.droid,19
2893108,sebastiangraf/jSCSI,19
3263678,openGDA/gda-common-rcp,19
2190302,dma-graveyard/EAVDAM,19
3591993,serezhka/Optiks,19
206445,apache/batik,19
1561374,ePaul/jsch-documentation,19
2518674,digipost/digipost-api-client-java,19
59180,tcurdt/jdeb,19
4610797,ntoskrnl/Reshaka.Ru,19
2910524,evandor/skysail-server-ext,19
500806,christophd/citrus,19
869754,go-lang-plugin-org/go-lang-idea-plugin,19
3343190,CitizensDev/CitizensAPI,19
3173086,koelleChristian/trickytripper,19
2519172,hampelratte/VCH,19
372315,notnoop/java-apns,19
3717211,Bersh/Taxometr,19
4006928,lewisd32/lint-maven-plugin,19
2772633,EntandoOldVersions/entando-core-engine,19
4641066,wikimedia/WikipediaMobileJ2ME,19
3075186,bsautner/com.nimbits,18
1789421,saterus/battleship,18
4388536,jbowens/Oasis-IDE,18
1616402,elBukkit/MagicPlugin,18
2318322,tanakalen/ECMOjo,18
1163728,jenkinsci/sauce-ondemand-plugin,18
3095681,aragaer/jtt_android,18
648892,WSDOT/wsdot-android-app,18
1420440,niloc132/tvguide-sample-parent,18
3988459,cjdev/httpobjects,18
656874,scriptographer/scriptographer,18
2170516,EABonney/KMMDroid,18
114387,rnewson/couchdb-lucene,18
2627874,jportela/cmov1,18
2320691,halvors/IndustrialNorge,18
952585,GeoWebCache/geowebcache,18
4526492,AndroidMontreal/RHoK_libgdx,18
1623097,choreos/choreos_v-v,18
2068079,madflow/flow-netbeans-markdown,18
4021268,edwardkort/WWIDesigner,18
4315698,xXKeyleXx/MyPet,18
3555273,dmarcotte/idea-handlebars,18
4602050,VWoeltjen/MCT-Plugins,18
955062,cygri/pubby,17
335218,oboehm/gdv.xport,17
206378,apache/commons-lang,17
4026199,bperel/WhatTheDuck,17
1163688,jenkinsci/parameterized-trigger-plugin,17
2568737,dirtyharryiv/Android-OPSI-Admin,17
4388792,samaxes/minify-maven-plugin,17
860274,CyanogenMod/android_packages_apps_VoiceDialer,17
1613866,knime-mpicbg/knime-scripting,17
2677445,thargor6/JWildfire,17
326802,tjake/Solandra,17
3717973,FDVSolutions/DynamicJasper,17
206427,apache/tika,17
732395,nilobject/worddit-android,17
1251856,matyb/java-koans,17
3249922,CUTR-at-USF/OpenTripPlanner-for-Android,17
3147767,Genability/genability-java,17
2418209,kanelbulle/sokoban-solver,17
2347800,robotframework/RemoteApplications,17
3999381,takawitter/trie4j,17
4662957,IISH/oai4solr,17
732624,dougqh/JAK,17
3287134,ming13/gambit,17
3345099,biifer/id2216,17
1163695,jenkinsci/plot-plugin,17
501445,rtreffer/smack,17
2988730,jsonld-java/jsonld-java,17
2578114,maven-gae-plugin/maven-gae-plugin,17
3499367,springinpractice/sip01,17
2937485,tbuktu/bigint,17
2068297,freezy/android-xbmcremote,17
3561837,nasa/CertWare,17
3685543,catageek/ByteCart,16
3863331,hadoopeco/standalone-apps,16
3382810,cs301w01/Skindex,16
2053216,Fob/Commons-SSH,16
4098392,fixme-lausanne/MyHackerspace,16
119018,talios/clojure-maven-plugin,16
2067125,G-Node/odml-java-lib,16
1309527,t0xa/gelfj,16
1493359,indy256/codelibrary,16
1862490,jboss-logging/jboss-logging-tools,16
3407162,hoijui/JavaOSC,16
1322545,ushahidi/SMSSync,16
3697835,MCUpdater/MCUpdater,16
2716994,bartvbl/CoopPuzzler,16
4063516,AnySoftKeyboard/AnySoftKeyboard,16
2602598,mozilla-services/android-sync,16
1229741,mulesoft/twitter-connector,16
1647022,khmarbaise/supose,16
4080538,SeanPONeil/MGoBlog,16
2801723,sebastiangraf/perfidix,16
797754,vbmacher/emuStudio,16
3911090,seba--/layout-parsing,16
4083946,pressgang-ccms/PressGangCCMSServices,16
4667286,e-parliament/nsesa-editor,16
4380020,tiagobabo/drawgeo,16
3687614,bsblabs/embed-for-vaadin,16
65911,android/platform_packages_apps_voicedialer,16
602351,kilim/kilim,16
1470116,ichatz/wiseml,16
2642487,swisscodemonkeys/appbrain-sdk,16
1913648,threerings/tripleplay,16
4050377,thuetz/Energize,16
1559150,wuan/bo-android,16
1824521,MCBans/MCBans,16
2044685,objectos/dojo,16
4423372,shamanDevel/shaman.rpg,16
3464361,amplab/carat,16
3086699,openstreetmap/splitter,16
1059430,belaban/JGroups,15
1381874,helun/Ektorp,15
4595969,figarocms/cucumber-jvm-fixtures,15
1188728,forcedotcom/wsc,15
3087569,Yarl-IT-Hub/ySchool,15
3108922,klassm/andFHEM,15
2463519,mjdenham/and-bible,15
4726083,ObeoNetwork/InformationSystem,15
1305679,snowwindwaverider/mango,15
2046386,C24-Technologies/c24-spring,15
152812,magro/memcached-session-manager,15
1959875,badiale/xInvest,15
2617486,curtbinder/AndroidStatus,15
2809878,hzeroo/HBOT,15
2706934,zinkem/projectbulletspray,15
1423168,devolonter/Pretty-Painter,15
3569082,inaturalist/iNaturalistAndroid,15
1687772,cittools/klocwork-plugin,15
2861914,Sythelux/SG_U,15
2095282,jnr/jnr-posix,15
2550825,spring-projects/spring-insight-plugins,15
1644585,rest-driver/rest-driver,15
1464968,rhomobile/rhostudio,15
2889474,koraktor/steam-condenser-java,15
4147205,cismet/cismet-commons,15
4096863,SQiShER/java-object-diff,15
3930330,araaara/IndaProjekt,15
2111521,jamesmorgan/AndroidWeatherSlider,14
2780156,moumar/beads,14
856618,lichongxin/hbase-snapshot,14
1953068,thomasjungblut/thomasjungblut-common,14
2203320,genericworkflownodes/GenericKnimeNodes,14
618492,brianfrankcooper/YCSB,14
1889012,PressAssociation/maven-marklogic-plugin,14
1372117,nathanmarz/elephantdb,14
4597286,pentaho/pentaho-commons-gwt-modules,14
1484463,ning/Arecibo,14
2647099,jetty-project/jetty-autobahn-websocket-client,14
2254296,CoreMedia/jangaroo-idea,14
1996394,DTRules/DTRules,14
76420,borman/phoneme-qtopia,14
1479226,xmt/vminecraft-plugin,14
3308329,jsurbaitis/com.team2.civ,14
2734662,brendanofallon/Pipeline,14
709637,apollo-rsps/apollo,14
2623378,jmp84/ruleXtract,14
1768611,versly/wsdoc,14
4167742,scobal/seyren,14
3660141,cipango/cipango,14
1896673,resthub/springmvc-router,14
1924078,ryanbradley/TicketMonster,14
1893578,niftymonkey/NiftyWarp,14
1772795,ebayopensource/turmeric-monitoring,14
1770065,jsr107/jsr107tck,14
1553781,eclipse/virgo.test,14
4522681,jenkinsci/jacoco-plugin,14
442430,jhy/jsoup,14
1611009,Mach5/supersonic,14
1767567,ebayopensource/turmeric-runtime,14
2191511,aoeui/MMC,14
484832,ge0rg/MemorizingTrustManager,14
3200710,DawnScience/dawn-workflow,14
3712732,kboyd/Roc,14
4488555,7yl4r/AvatarWallpaper,14
3825051,gnobal/Dindy,14
3415940,michaellossos/points_tron_ai_challenge,14
2580770,apache/commons-exec,14
845517,SmartITEngineering/smart-dao,13
4204477,toxuin/Griswold,13
4695382,killbill/killbill-client-java,13
4262609,FamilySearch/gedcom5-conversion,13
1579666,tacitknowledge/autopatch,13
1301188,esheri3/OWASP-CSRFGuard,13
806326,kritzikratzi/edsdk4j,13
2784539,jenkinsci/coverity-plugin,13
4033225,damnhandy/Handy-URI-Templates,13
1619045,wtsi-npg/illumina2bam,13
742421,searls/jasmine-maven-plugin,13
3937627,testingbot/Testingbot-Tunnel,13
2793117,axisc/Mirror-Universe,13
2617267,masteinhauser/connectedkitchen,13
2085959,scalagwt/scalagwt-gwt,13
1553628,six2six/fixture-factory,13
3986627,jutzig/jabylon,13
3559196,trondkla/TDT4240---A2---Battleship,13
841519,crazyproger/Tabdir,13
2988963,nuxeo/nuxeo-platform-semantic-entities,13
3556228,osca/SoPra,13
1045976,bartdag/py4j,13
3705450,OpenConext/OpenConext-teams,13
3360792,rooneyp1976/Repo1,13
1163456,jenkinsci/build-timeout-plugin,13
971134,jmeter-maven-plugin/jmeter-maven-plugin,13
1163828,jenkinsci/violations-plugin,13
3264238,Team2168/FRC2012,13
4033283,gravitylow/AntiCheat,13
4024149,marcanpilami/jChronix,13
3670134,akvo/akvo-rsr-up,13
2399808,edwardcapriolo/hive_test,13
2669291,mmx900/ManalithBot,13
4348215,aharin/jerseytester,13
3923572,openworm/org.geppetto.model.neuroml,13
2073668,spullara/redis-protocol,13
1176789,tstein/AndroSS,13
4223255,ipa320/bride,13
2218835,timmattison/gilead,13
1163525,jenkinsci/disk-usage-plugin,13
4686339,orbisgis/gdms-topology,13
2917949,unyaunya/JSpread,13
1679477,godmonth/godmonth-commons,13
1724807,Simperium/simperium-android,13
986158,apskim/StudentsDatabase,13
4470435,mapstruct/mapstruct,13
3502867,Pitel/GJAddr,13
1090553,sk89q/WorldGuard,13
286396,davidw/hecl,12
4278951,3wks/thundr,12
1252364,jirislaby/stanse,12
4483485,datasift/dropwizard-extra,12
3795725,qiniu/java-sdk,12
4395179,rockt/ChemSpot,12
3929274,exoplatform/jcr-services,12
923993,ccordenier/tapestry5-hotel-booking,12
1987424,uudashr/P.h.o.t.o-C.r.o.w.d,12
904299,merxbj/notwa,12
1146334,androrm/androrm,12
2571648,opentok/Opentok-Java-SDK,12
2885076,italiangrid/voms-admin-server,12
3879088,cyriux/Patternity,12
1291270,jexp/neo4j-java-rest-binding,12
4157651,adyliu/jafka,12
3185497,DriesSchulten/dozer-model,12
463977,mhgrove/Empire,12
3201672,dostrander/BRB,12
1620225,osate/osate2-plugins,12
2744876,Arnaud-Nauwynck/sef4j,12
865067,mikebrock/mvel,12
1813144,cfeclipse/cfeclipse,12
4070402,musIndex/mouseinventory,12
1872113,johanlindquist/jahspotify,12
1263558,eisental/RedstoneChips,12
4368712,jersey/jersey,12
1392374,carrotsearch/smartsprites,12
1366591,jonasrmichel/TixReservation,12
2817317,jlavallee/JMeter-Rabbit-AMQP,12
585380,rkapsi/ardverk-dht,12
2453327,cmhill/iGUITAR,12
3695981,delt0r/msms,12
547593,jingwei/krati,12
4064673,sentinelweb/vectoroid,12
210764,caelum/tubaina,12
2065794,mguetlein/CheS-Map,12
1583138,gemserk/commons-gdx,12
512306,grails/grails-maven,12
1971241,bleujin/ionframework,12
2108481,spring-projects/spring-security-oauth,12
1301916,jbosgi/jbosgi-framework,12
1667592,BrynCooke/cdi-unit,12
2232802,gluster/glusterfs-hadoop,12
1424051,seam/jcr,12
4741942,cloudera/flume-ng,12
1432194,gemserk/animation4j,12
3722285,Jasig/AnnouncementsPortlet,12
1163635,jenkinsci/libvirt-slave-plugin,12
4678754,yuripourre/etyllica,11
1597325,dhanji/sitebricks,11
2234282,kitskub/bSpace,11
4608947,drewhannay/chess,11
4288695,axet/wget,11
2972666,bendisposto/probparsers,11
1952364,xgsa/cdt-tests-runner,11
1163765,jenkinsci/svnmerge-plugin,11
4411875,pietermartin/umlg,11
2485085,dankurka/mgwt,11
3149437,spring-projects/spring-security-kerberos,11
4302287,plutext/docx4j,11
3376848,codeborne/selenide,11
3329435,skyscreamer/JSONassert,11
4705942,ghetolay/jwamp,11
1459486,JetBrains/ideavim,11
1009510,kevinstreit/javaMIPS,11
3258293,stancel/Android-GPA-Calculator,11
1730613,mobfox/MobFox-Android-SDK,11
1783239,krtek/Programy,11
2088013,rgladwell/m2e-android,11
55797,mhroth/jvsthost,11
3603171,Smartling/api-sdk-java,11
355568,nzakas/cssembed,11
961417,lemire/javaewah,11
2185113,neophob/PixelController,11
2316303,Codisimus/PhatLoots,11
1479983,jenkinsci/maven-interceptors,11
3722299,Jasig/NotificationPortlet,11
2751839,twitter-university/yamba,11
4653973,andaag/ruterandroid,11
1056952,Diablo-D3/DiabloMiner,11
809304,smartrics/RestFixture,11
643234,jbehave/jbehave-web,11
3107394,powertac/sample-broker,11
1930144,ingenieux/beanstalker,11
1553791,eclipse/jubula.core,11
2938472,china-ece/Gaia,11
1546912,Multiverse/Multiverse-Portals,11
1695912,sybila/parasim,11
4382019,esteinberg/plantuml4idea,11
747512,clojure/clojure,11
3146207,alvarogonzalezsotillo/Bongard,11
1735540,itm/wsn-device-utils,11
3668941,cachirulop/Moneybox,11
4108844,in-the-keyhole/khs-sherpa,11
3570112,msbarry/Xtest,11
2061369,graindcafe/Tribu,11
1037580,davidivins/CheckIn4Me,11
4140627,ioos/sos-injector,11
1251038,oldpond/SportsBoards,11
2817358,jeffersonaraujo/Poker-Table,11
3701855,http-kit/http-kit,11
3604630,eclipse/org.aspectj,11
285766,pfleidi/yaxim,11
4039140,codehaus/jbehave-web,11
2957374,peter-lawrey/Java-Thread-Affinity,11
1832246,peshkira/ads,11
3678036,flipkart-incubator/hydra_job,11
2580769,apache/commons-compress,10
997263,adegtiar/Android-Activity-Tracker,10
4334675,charmjunewonder/English-Tutor,10
1449228,Mahoney/lidalia-lang,10
1453968,efficacy/stringtree,10
1164965,ocpsoft/prettyfaces,10
1772628,easysoa/EasySOA-Incubation,10
4090792,Runsafe/Framework,10
4386354,Decker108/OpenHSK,10
2683122,ArcBees/gwtp-idea-plugin,10
1285058,sonatype/plexus-archiver,10
3266592,vtst/ow,10
3026811,Kaljurand/K6nele,10
2433169,ltettoni/logic2j,10
1251538,Presage/Presage2,10
3544393,Julek/impek,10
2843394,NerdNu/KitchenSink,10
1929418,celements/celements-photo,10
2246502,marcelo-mason/SimpleClans,10
2820568,umeng/android_download_manager,10
2719351,springinpractice/sip02,10
2857814,tnilanon/Club-Website,10
834344,ocpsoft/socialpm,10
1204403,hatstand/ClementineRemote,10
161180,alphazero/jredis,10
1670551,rdelbru/SIREn,10
2493229,powertac/default-broker,10
1944709,JSQLParser/JSqlParser,10
960347,geometer/FBReaderJ-alex,10
1156803,ISA-tools/ISAcreator,10
4099698,mikkeln/o1,10
2195909,AKSW/AutoSPARQL,10
3192997,sourcepit/b2,10
520534,telecapoland/jamendo-android,10
2197202,satyan/sugar,10
3370128,pgjdbc/pgjdbc,10
4562836,dcoraboeuf/myconfig,10
1217414,eclipse-color-theme/eclipse-color-theme,10
3376982,sijpesteijn/mafia-maven-plugin,10
2925078,Imaginea/pancake-android,10
2011633,fasseg/exp4j,10
4693986,FallenMoonNetwork/CanaryLib,10
4090633,bign8/Robot,10
659341,facebook/facebook-android-sdk,10
2052725,gckjdev/Common_Java,10
1889846,bompo/mgcube,10
483924,jayway/awaitility,10
2988803,nuxeo/nuxeo-chemistry,9
194897,mikiobraun/jblas,9
4240901,pH-7/Simple-Java-Text-Editor,9
1564611,nayuki/Project79068-Cryptography-Library,9
1210908,diega/dbus-java,9
3103654,NightWhistler/HtmlSpanner,9
3507887,Cube-Nation/CNEggRoulette,9
2934254,jmxtrans/jmxtrans,9
4322627,mseiwert/RoM,9
771886,cbeust/jcommander,9
212769,pocmo/Yaaic,9
2081682,gabesoft/topc,9
1163439,jenkinsci/analysis-core-plugin,9
1907041,chariotsolutions/phonegap-nfc,9
4326749,Sage-Bionetworks/schema-to-pojo,9
3975884,JustTB/GeoAnon,9
4695732,opensciencemap/VectorTileMap,9
101527,bpellin/keepassdroid,9
2143834,tiagonn/ApoioTerritorioLS,9
1767838,michaeldejong/EveNexus,9
2956581,antoine-tran/maven-repo,9
2902626,codinguser/android_contact_picker,9
3894929,hamcrest/JavaHamcrest,9
2388225,freezy/android-xbmcremote-sandbox,9
2905716,mWater/mWater-Android-App,9
4021593,marcelemaschka/Paradigmas,9
2031128,photo/mobile-android,9
1703091,dboissier/jenkins-control-plugin,9
4107556,routerkeygen/routerkeygenAndroid,9
1673554,torrent4j/torrent4j,9
2389981,hoverruan/weiboclient4j,9
1095437,grahamedgecombe/lightstone,9
4080550,penson/GroupOne,9
4536400,carlescs/PPCalc,9
2129779,nschlimm/playground,9
4183015,fourq/sf-deploy-and-destroy,9
3042838,SpoutDev/Vanilla,9
3360432,rgisler/qsreporter,9
3175490,jsimone/webapp-runner,9
2991816,nzakas/props2js,9
4130511,pantheis/AdvancedInventoryManagement,9
3953878,platformlayer/platformlayer,9
3316003,codecentric/spa,9
2146070,Olloth/AmbientSeasons,9
2835082,celements/celements-shared-tests,9
144397,j16sdiz/egit-freenet,9
4516733,bauerca/drag-sort-listview,9
3728381,grundid/nfctools,9
3144413,socialsoftware/blended-workflow,9
1812666,zqiu/CS-project,9
4588039,coast-team/replication-benchmarker,9
2830505,sim51/logisima-play-neo4j,9
3148173,wstrange/GoogleAuth,9
17965,mth/yeti,9
1072815,spring-projects/spring-data-graph-examples,9
2136579,foxykeep/DataDroid,9
1601209,Mashape/unirest-java,9
3875269,petarov/bgrates,9
1334524,Grundlefleck/findbugs4junit,9
3372271,BottegaIT/ddd-cqrs-sample,9
1477394,BetterShop/BetterShop,9
4356907,vn971/multipoints,9
4228879,liinavaker/Schedule,8
1406083,Wormhole-X-Treme/Wormhole-X-Treme,8
4516994,albertoruibal/carballo,8
2113030,planestraveler/git-starteam,8
1371916,poundifdef/VirginMobileMinutesChecker,8
4527536,xiejuncs/cross-document-coreference-resolution,8
3639293,cloudfoundry/eclipse-integration-cloudfoundry,8
1138623,satsukitv/SimpleServer,8
3350317,SOLA-FAO/boundary,8
3710234,NitorCreations/RobotFramework-EclipseIDE,8
2718729,FasterXML/jackson-module-mrbean,8
3552490,codemucker/codemucker-jmutate,8
1997891,kanban/kanban-app,8
2287646,nihathrael/pokerdude,8
3748311,ngriso/permisdevote,8
1647501,mozilla-metrics/bagheera,8
618681,flyingsaucerproject/flyingsaucer,8
2874001,chrisbanes/Android-PullToRefresh,8
2276611,CmdrDats/MemoryStone,8
2756602,opensourceBIM/COBie-plugins,8
1711412,darrinholst/sass-java,8
1874775,winterstein/JTwitter,8
558237,felixb/smsdroid,8
1338456,elasticinbox/elasticinbox,8
1002650,bostonandroid/Boston-Android,8
1315809,nuxeo/nuxeo-social-collaboration,8
1443269,altamiracorp/blur,8
4213137,groovy/groovy-eclipse,8
3975816,analogweb/commons-fileupload-plugin,8
3608874,talios/cucumber-testng-factory,8
3559860,andiwand/packetsocket,8
1830860,VarioML/VarioML,8
2993595,medcl/elasticsearch-analysis-ik,8
3193062,hbutani/SQLWindowing,8
2190786,jcryptool/core,8
4298364,PeterisP/morphology,8
1057490,jpos/jPOS,8
2019501,mulesoft/zuora-connector,8
2083055,cdi-spec/cdi-tck,8
2045073,eclipse/buckminster,8
3790293,detro/ghostdriver,8
3620773,AKSW/Sparqlify,8
3885169,akquinet/needle,8
3119299,afs/AFS-Dev,8
574877,aws/aws-sdk-java,8
1397974,carrotsearch/hppc,8
4624920,inovex/zax,8
885310,apcj/jmeterxmpp,8
1123246,sematext/HBaseHUT,8
3856043,heinousjay/JibbrJabbr,8
4314803,przybylski/owncloud-android,8
3852385,calebegg/proof-pad,8
3256677,openpreserve/nanite,8
2830168,couchbase/couchbase-java-client,8
3815179,stevenzh/tourismwork,8
3483539,CraftIRC/2,8
4014761,kingder/DailyContest,8
1307227,picocontainer/picocontainer,8
1852481,DiUS/java-faker,8
724020,stupidsing/suite,8
992971,seam/catch,8
3102489,jonibatista/HelpdeskJavaEE,8
980462,Animosity/CraftIRC,8
2522807,bryceac/RMD-Calculator,8
4635461,seecr/meresco-triplestore,8
3954421,talios/android-tap-keyboard,8
846083,jsonfry/uk.co.jasonfry.android.tools,8
4156906,HUSACCT/Eclipse-plugin,8
4713588,openmrs/openmrs-module-reporting,8
2906311,eclipse/gmf-tooling,8
3483010,CraftIRC/3,8
625404,onesocialweb/osw-web,8
2269672,Digiex/MagicCarpet,8
2691887,deathmarine/Ultrabans,8
3923569,openworm/org.geppetto.model.sph,8
1884650,peterbrook/Recursi-Othello-AI,8
1492141,AEminium/AeminiumGPU,8
1729999,jruby/jruby-parser,8
442343,ligi/gobandroid,8
3725443,sabio/CosasDeBugDeveloper,7
2864869,f3ndot/P2PChat,7
1163638,jenkinsci/log-parser-plugin,7
4315427,gengmzh/weather-man,7
1483979,addthis/stream-lib,7
977926,NXT/LEGO-MINDSTORMS-MINDdroid,7
2717912,fnha2000/OSGCC5,7
1085286,joindin/Joind.in-android-app,7
870849,rtyley/agit,7
983232,seam/cron,7
1289205,gresrun/jesque,7
2482976,jenkinsci/vsphere-cloud-plugin,7
3223189,cloudbees/bees-cli,7
912291,dcm4che/dcm4che,7
4357117,ind9/crawler4j,7
3280685,Exolius/SimpleBackup,7
1169159,jenkinsci/rebuild-plugin,7
1965364,dirtyfilthy/bitten,7
2754620,mrpdaemon/encfs-java,7
2658990,duongvc/apps,7
2263270,rafamanzo/SIGP,7
1899822,vainolo/Object-Process-Programming,7
3823713,jprante/elasticsearch-index-termlist,7
2401969,jenkinsci/dtkit-plugin,7
1076159,wealthfront/kawala,7
2698090,julietkilo/CANBabel,7
4012489,CompEvol/MultiTypeTree,7
4487574,Countly/countly-sdk-android,7
1476111,Arnauld/jbehave-eclipse-plugin,7
886329,traitor/Minecraft-Server-Mod,7
3021661,Kejia/deslog,7
1566470,youpop/Android-Health-Coach,7
3739165,nuxeo/nuxeo-activity,7
2411633,vkolodrevskiy/spring-social-vkontakte,7
2675355,javaparser/javaparser,7
764713,jboss-modules/jboss-modules,7
4616322,jfree/jfreechart-fse,7
3192681,sourcepit/osgifier,7
3691193,openmrs/openmrs-module-appframework,7
3207831,bluesoft-rnd/signavio-core-mirror,7
1205909,shaya/bla,7
3611605,leodagdag/play2-morphia-plugin,7
2867173,praveenpankaj/Fluorescence-Microscope-PSF,7
2379667,nirmalyab/HPN,7
4685631,twerszko/xmlunit-nsc,7
2184688,thedudeguy/JukeIt,7
4457382,strickyak/TerseTalk-Alpha,7
2958241,stefanofornari/webtoolkit,7
2933131,jackypan1989/mpp_final,7
4575660,dipenpradhan/bot-wars,7
4585757,slim-curve/slim-plugin,7
2630778,usus/usus-plugins,7
3606596,selesse/WineDB,7
4235609,vead/JME,7
1768217,spring-projects/spring-social-twitter,7
851175,bcdev/beam-globalbedo,7
1810897,spring-projects/spring-android-samples,7
2713698,DavidYKay/midpoint,7
2514279,celements/celements-calendar,7
3655776,urbanairship/datacube,7
1821543,romaframework/core,7
3625270,treasure-data/td-client-java,7
3505969,muuki88/e4GeminiJPA,7
4027775,keyboardsurfer/socialbike,7
2565575,lowasser/LUScheduling,7
4247550,beeldengeluid/waisda,7
3740022,Whired/nspex,7
781404,shrinkwrap/shrinkwrap,7
4438686,blopker/KDD-Music-Recommender-MapReduce,7
1626780,PEXPlugins/PermissionsEx,7
3208311,pbloem/Lilian-experimental,7
3722305,Jasig/email-preview,7
4713066,joscha/play-authenticate,7
1361792,ktoso/maven-git-commit-id-plugin,7
1247723,GuntherDW/TweakcraftUtils,7
666662,orfjackal/idea-sbt-plugin,7
1110748,alecgorge/jsonapi,7
4042048,johnmay/mdk,7
3724388,ga-m3dv/ga-worldwind-suite,7
860937,apache/hama,7
2773401,SQLDroid/SQLDroid,7
4210923,openintents/filemanager,7
1163777,jenkinsci/swarm-plugin,7
500078,evanchooly/javabot,7
765427,jberkel/k9mail,7
1613823,Zarkonnen/Longan,7
3815486,lhyqie/smallqa,6
1023845,s4/core,6
3191662,t7mp/maven-t7-plugin,6
379247,OWASP/OWASP-WebScarab,6
1062872,adrian/upm-swing,6
2221963,SeleniumHQ/fluent-selenium,6
1134001,validator/htmlparser,6
3619004,NerdNu/ModReq,6
2618690,srwaggon/caffeine,6
4152555,tommclaughlan/zdungeon,6
4664022,eddturtle/TurtlePlayer,6
214878,ericdes/nuxeo-dm,6
3457436,BergenCompSciClub/Bergen-Maps,6
3659356,AnalyseSI/AnalyseSI,6
1787746,rjnichols/visural-wicket,6
2432524,opensagres/xdocreport,6
1059929,php-coder/mystamps,6
1421700,spring-projects/spring-social-samples,6
2037955,rcongiu/Hive-JSON-Serde,6
1163720,jenkinsci/redmine-plugin,6
1915260,okjsp/okjsp-site,6
1925457,mendhak/gpslogger,6
2051940,mdeanda/ajaxproxy,6
4723952,octo-technology/sonar-objective-c,6
2788710,ingokegel/jclasslib,6
1374683,dlemery/AndroidPOS,6
4541229,slipcor/pvparena_modules,6
974316,markoalas/Mobile-Payment,6
2480479,mp911de/Public,6
3826513,infogdigdeep/infog,6
4567659,IvoCrnkovic/Accelerando,6
3645037,Jasig/java-cas-client,6
2139052,unchiujar/Umbra,6
1409074,mguymon/naether,6
2505794,javafunk/funk,6
2858655,tacitknowledge/flip,6
617210,kohsuke/github-api,6
2383058,mattprecious/prioritysms,6
1577604,jline/jline2,6
1988596,johnperry/CTP,6
1222815,zhangguangyan/jcqrs,6
1483704,trendrr/java-oss-lib,6
649714,Zanshinmu/Wifi-Fixer,6
3864053,michalorman/reckless-skirmishers,6
487836,DMDirc/Plugins,6
4399506,thymeleaf/thymeleaf-spring,6
3519452,CommandsEX/Minecraft-CommandsEX,6
4633843,kriegaex/Galileo-Openbook-Cleaner,6
2011701,JetBrains/emacs4ij,6
2198510,apache/flume,6
2398336,medcl/elasticsearch-partialupdate,6
3890200,nbefus/ZombiesAndHumans,6
3593759,spring-projects/spring-gemfire-examples,6
1702386,theoxylo/minecraft_mod_thx,6
1701240,spring-projects/greenhouse-android,6
1447978,cloudbees/cloudbees-api-client,6
4729363,howonlee/PictureChoice,6
3226733,KomodoOpenLab/TeclaShield,6
3304447,richardwilly98/elasticsearch-river-mongodb,6
3126910,kolorobot/spring-mvc-quickstart-archetype,6
3592934,LitleCo/litle-sdk-for-java,6
3387066,eclipsesource/tabris,6
4715311,ksen007/janala2,6
4021764,michaelcueno/FakeMake,6
970639,davidandrzej/LogicLDA,6
2387171,CyanogenMod/android_packages_wallpapers_MusicVisualization,6
1882790,gmcnew/pax,6
2689011,daid/SliceAndDaid,6
2913789,mfiers/_usedtobe_TUI,6
2988915,nuxeo/nuxeo-platform-document-routing,6
2518063,bg7/BG7,6
2894677,ZsoltFabok/cucumber-jvm-post,6
4624412,robert7k/sipswitch,6
2465104,powertac/auctioneer,6
3693241,tepi/FilteringTable,6
4395961,jenkinsci/jenkow-plugin,6
4405468,medcl/elasticsearch-analysis-pinyin,6
2040969,openlvc/portico,6
1510412,Praqma/praqmajutils,6
2666594,eclipse/rt.equinox.bundles,6
1381993,xebialabs/overthere,6
329882,brianm/config-magic,6
2377504,robotframework/SwingLibrary,6
2161754,jsevellec/cassandra-unit,6
3297262,ligi/bismo,6
1215215,Bukkit/Bukkit,6
1010633,rodnaph/sockso,6
85673,yui/yuicompressor,6
2988939,nuxeo/nuxeo-platform-importer,6
1098851,m2e-code-quality/m2e-code-quality,6
1163713,jenkinsci/role-strategy-plugin,6
1746334,lintool/twitter-tools,6
2885537,AEinsam/HabReader,6
1022151,linki/twp,6
1894261,jbzdak/rs232-io-commons,6
3770977,SOLA-SAMOA/boundary,6
4599064,pentaho/pentaho-platform-plugin-reporting,6
1647921,BallisticBuddha/GoldStandard,6
3293934,oli-d/nova,6
1334170,MassiveCraft/Factions,6
3592440,creativepsyco/unofficial-dropbox,6
1636689,mulesoft/paypal-connector,6
3493280,brightinteractive/asset-bank-rest-api-reprs,6
4705458,Poincare/SixthSense-Java,6
4730271,Tape/Monsterismus,6
4023249,marnix/MEPK,6
1164974,ocpsoft/prettytime,6
4182849,Jasig/sass-maven-plugin,6
2934540,jportela/cmov2_client,6
4606468,josephw/jBCrypt,6
688436,kreneskyp/openconferenceware-android,6
2038969,bigmlcom/histogram,6
1961471,atkonn/iwashi3d,6
966305,jbrains/agileee-2010-jbrains-pointOfSale,6
745766,cbeust/testng-eclipse,6
444906,FredrikL/android-ttTumblr,6
2601201,pridkett/gitminer,6
1445299,efsavage/ajah,5
1169230,jenkinsci/warnings-plugin,5
4658235,aadnk/ExperienceMod,5
65899,android/platform_packages_apps_htmlviewer,5
97380,sethm/symon,5
3867803,MH4J/MetaHeuristics4Java,5
4011011,klnusbaum/UDJ-Android-Client,5
2202699,fabianm/brainfuck-java,5
1768490,uvagfx/hipi,5
2176646,stripe/stripe-java,5
500437,purplecabbage/phonegap-plugins,5
4176766,balmeyer/qno,5
3108709,janoliver/pOT-Droid,5
3865889,bueti/MultiChannel,5
2916847,gailo22/myproject,5
2577491,dfranek/NetBeans-TypoScript,5
3370932,tgwizard/sls,5
3350070,SOLA-FAO/messaging,5
1159273,markfguerra/GLWallpaperService,5
638080,graphstream/gs-algo,5
1234805,jbehave/jbehave-tutorial,5
3263804,Hotware/HotSound,5
987914,xebia/Xebium,5
3984580,johnnylambada/WorldMap,5
3302960,sahya/livenicoviewer,5
591784,sonatype/sonatype-aether,5
1617423,shefra/prayertimes,5
3604587,eclipse/gef4,5
1757703,grove/presto,5
1228775,ops4j/org.ops4j.pax.wicket,5
1712254,tc33/EpochX,5
4343673,cebericus/vopt-cuda,5
3608471,ProjectInfinity/ReportRTS,5
3056888,t-oster/LibLaserCut,5
1489692,dpfau/pdia,5
3895467,wolframarnold/social_islands_viz,5
2711564,algesten/jsondiff,5
1206414,stephenfreund/RoadRunner,5
209853,caelum/caelum-stella,5
4442584,JimiSmith/BitmapDownloader,5
4537506,martin-ueding/jscribble,5
2722459,soziotech/CommunityMashup,5
2073266,TOGoS/TMCMR,5
3548230,tseeker/vimes,5
2088736,FluentLenium/FluentLenium,5
4022509,barneygale/CutePVP,5
1586508,tonit/Learn-PaxExam,5
3193614,meisteg/PickTheWinner,5
244599,johannilsson/sthlmtraveling,5
4685819,dkandalov/limited-wip,5
3071432,s23m/cell,5
1994838,ISA-tools/jUtils,5
844592,Mahoney/sysout-over-slf4j,5
1639726,jentrata/jentrata-msh,5
3916346,ox-it/wl-oauth,5
2923525,huangcd/edolamodelingplatform,5
745456,sevntu-checkstyle/sevntu.checkstyle,5
2404745,GeniusWiki/GeniusWiki,5
1334607,ndw/xmlresolver,5
3139499,leronen/leronen-java,5
1515682,bcdev/lc-cci-toolbox,5
4037184,NerdNu/CutePVP,5
3705242,groupschoof/AHRD,5
4059671,ttddyy/datasource-proxy,5
2877150,dcoraboeuf/cipol,5
2387140,CyanogenMod/android_packages_apps_HTMLViewer,5
657157,synhershko/HebMorph,5
486920,walware/rj-client,5
3639639,mrolafsson/javaHTML,5
639740,sirthias/pegdown,5
2441478,zkoss/ztl,5
3215104,Multiverse/Multiverse-Inventories,5
3889413,TVPT/VoxelSniper,5
3464198,daroo/zoo,5
2536041,cloudera/crunch,5
4125213,jbarrez/activiti-benchmark,5
2600566,powertac/household-customer,5
2078882,timmolter/XChart,5
4074524,gthole/lpp,5
3378034,Oximore/P2P,5
2981935,yanchenko/droidparts,5
1163731,jenkinsci/promoted-builds-plugin,5
613919,davidrea/Deacon,5
2735237,jcaddel/maven-s3-wagon,5
3416842,UWCS/aoko,5
3411275,Kensan/Orbot,5
4243522,btmura/rbb,5
1163431,jenkinsci/android-emulator-plugin,5
77689,baywind/rujel,5
3673087,ninowalker/jmemcache-daemon,5
222777,smilebase/org.eclipse.mylyn.github,5
731554,unsound/jfuse,5
1163442,jenkinsci/accurev-plugin,5
1381837,SonarSource/jenkins-sonar-plugin,5
792332,riotopsys/MALforAndroid,5
1978123,shagstrom/spring-mvc-hibernate-skeleton,5
1943373,jghoman/haivvreo,5
1703188,jorgeandresvasquez/externalKanbanBoardForJira,5
1759567,barmstrong/bitcoin-android,5
967913,fadmaa/grefine-rdf-extension,5
1557317,caelum/vraptor-environment,5
51088424,openGDA/gda-common,5
1373329,lukegb/GitDescribe-Maven-Plugin,5
3514984,Rekoe/Rk_Cms,5
1610640,jabox/jabox,5
2647957,subgraph/Orchid,5
2460997,mgoellnitz/tangram,5
3395411,ringe/javabasics,5
65312,bwaldvogel/liblinear-java,5
4270983,ahn/vaadin-aceeditor,5
4454832,ideaconsult/examples-ambit,5
4044698,kwacktoffeln/Hangman,5
3151061,couchbaselabs/TouchDB-Android,5
4572892,dana-i2cat/netconf4j,5
2489446,mazubieta/collaborative-text-editor,5
2566570,spring-projects/spring-data-mongodb,5
4038949,tananaev/traccar,5
2100836,RobertOrmandi/Gossip-Learning-Framework,5
3975642,analogweb/guice-plugin,5
773194,vrapper/vrapper,5
4039150,codehaus/jbehave-tutorial,5
1174377,cgueret/eRDF,5
3100263,pranab/chombo,5
3516545,andybotting/tramhunter,5
1749101,restsql/restsql-test,5
3122050,TweakCraft/TweakCart2Plugins,5
2435633,Uko/BUMMEL,5
949345,Jiboo/bluestorm,5
3256155,hylke94/Vossen-en-konijnen,5
3441719,gedim21/game,5
440372,tonytw1/wellynews,5
3090626,eelpie/countdown-android,5
1436358,tengstrand/tetrisanalyzer,5
1034847,abashev/vfs-s3,5
1543449,jhamel/WebDynpro-Translator,5
4608440,moguonyanko/moglabo,5
1687351,mtedone/podam,4
3928848,miguel76/SWOWS,4
3545772,finnkuusisto/TinySound,4
1163705,jenkinsci/mercurial-plugin,4
4044872,EKibort/TeamCityFitnessePlugin,4
469978,klauswuestefeld/byke,4
471945,walware/docmlet,4
4257941,Mahoney/slf4j-test,4
860176,seam/servlet,4
3963249,analogweb/core,4
4664478,sonatype/nexus-maven-plugins,4
3720150,Jasig/person-directory,4
3578099,dougblack/nextbus,4
4690367,pavlobaron/log4j2redis,4
2829553,Diabol/Jfokus-Game,4
2894977,geipette/raven,4
260841,novoda/android-demos,4
97838,kungfoo/geohash-java,4
644183,alexmsmartins/GraphDHT,4
419944,erma/erma,4
2807088,wuyongqiang/CloudSim,4
1337162,trotzig/Burrito,4
1863627,leoneu/s4-piper,4
1680424,pfisterer/ieee-802.15.4-aes,4
4583319,motech/ananya-kilkari,4
2416378,johncarl81/transfuse,4
1132819,seam/solder,4
161000,apache/tomcat60,4
3222400,casidiablo/persistence,4
1270750,fnppl/openSDX,4
1110100,zluo/java_lab,4
2908229,riffautae/IRCBot,4
3940850,chargebee/chargebee-java,4
4403280,chatea/ExNote,4
1868346,webpat/jquant-core,4
3527018,preacher860/bffConn,4
2662343,bytor99999/AndroidSQLLiteOrm,4
2547220,ImpariTuriddu/orientdb-jdbc,4
2474234,Kaljurand/Arvutaja,4
2711688,meisner/BigHouse,4
3125904,peter-lawrey/Java-Chronicle,4
4486442,eelpie/squadlist,4
1384682,kjgarwin/Sentiment-Analysis,4
1465143,scribble/scribble-java,4
3726486,whitesource/agents,4
4561485,onepremise/gReview,4
1552601,crashub/crash,4
3450022,marlonassis/Imhotep,4
497589,branaway/Japid,4
1290826,Yubico/yubico-java-client,4
2130242,justjoheinz/STLDroid,4
4216396,openintents/notepad,4
1163507,jenkinsci/dashboard-view-plugin,4
3250009,mjiderhamn/classloader-leak-prevention,4
1347203,jlewallen/jenkins-hipchat-plugin,4
3648772,Praqma/config-rotator-plugin,4
1680909,koraktor/mavanagaiata,4
2063142,jpace/ijdk,4
4661516,SomMeri/less4j,4
1905727,artiomchi/Dual-Battery-Widget,4
471661,roma/roma-java-client,4
4300205,facebook/nifty,4
2699757,prateeka/AndroidDev,4
2029505,erikwt/PullToRefresh-ListView,4
2051457,brendano/ark-tweet-nlp,4
4406245,jbruchanov/MyPlaces.Android,4
4419713,rharter/dough.js,4
4352120,afranken/jmeter-analysis-maven-plugin,4
2603250,djorco/Graneles-SRL,4
3839172,dtackett/boiler,4
2521501,360-Innovations/VaadinSmartGWT,4
1770257,zaki50/MemoPad,4
1933700,kylepaulsen/Open-Android-Game,4
2590207,peholmst/ActivitiVaadinDevoxx11,4
2945922,TerrorBite/MinecraftBot,4
2176307,davidef/GTFS-OSM-Import,4
2065815,mguetlein/JavaLib,4
3040264,andstatus/andstatus,4
1676303,zauberlabs/gnip4j,4
1526009,JorenSix/TarsosDSP,4
3953756,hennr/marabou,4
4421246,luposdate/luposdate,4
2515176,Tyde/TuCanMobile,4
256245,commonsguy/cwac-endless,4
3181316,turt2live-bukkit/AntiShare,4
1290704,codebutler/farebot,4
802417,arquillian/arquillian_deprecated,4
3350272,SOLA-FAO/services,4
2958340,damagefilter/Cuboids,4
3015830,realityforge/spydle,4
3656207,colbyr/BADM,4
2406783,bugsnag/bugsnag-android,4
1675565,sailthru/sailthru-java-client,4
4688455,Haragorn/World-Generator,4
4371405,robfletcher/vending-machine,4
3941688,mloza/po-project,4
3831789,cosminstefanxp/Weazzer,4
2881151,zhongl/iPage,4
3460824,Chorus-bdd/Chorus,4
1861444,weigo/NWDI-DC-Documenter-Plugin,4
3055496,triposo/automator,4
342290,erwan/playclipse,4
3143783,trendmicro/tme,4
3867538,eu-emi/canl-java,4
4403738,openaphid/android-flip,4
2744036,mitmel/SimpleContentProvider,4
2455571,kinow/testlink-java-api,4
2988835,nuxeo/nuxeo-filesystem-connectors,4
3531906,gwhiteside/abstract-art,4
3048733,falnatsheh/MarkdownView,4
192174,gertvv/oops,4
1265536,personjerry/initiation,4
1946221,MilkBowl/Vault,4
4570159,bcdev/suhet,4
1630456,jhclark/multeval,4
1531036,jenkinsci/reverse-proxy-auth-plugin,4
2245360,adamgit/Entity-System-RDBMS-Beta--Java-,4
2795070,fate83/FindYourWay,4
1668879,Lothy/MoparClassic,4
3562089,continuumsecurity/bdd-security,4
3263787,SEL-Columbia/dristhi,4
205777,tommite/jsmaa,4
4493237,pellucide/Android-Switch-Demo-pre-4.0,4
3266031,abramhindle/FillerCreepForAndroid,4
712229,cloudera/flume,4
2982059,sbtourist/Journal.IO,4
3876569,cyrillrx/URemote,4
3118825,jasony62/OfficeAide,4
3621362,void256/coregl,4
3678193,vortexwolf/2ch-Browser,4
1421692,velna/sothis,4
3037647,Gottox/socket.io-java-client,4
1071469,99soft/rocoto,4
3674743,qos-ch/logback-extensions,4
3690556,archmage74/x-fashion,4
3411637,grzesir/Boomurang_Server,4
3013468,gemserk/skeletal-animation-editor,4
296938,sitemesh/sitemesh3,4
2978751,bmatthews68/Leabharlann,4
4432875,argus-authz/argus-pap,4
1163818,jenkinsci/xfpanel-plugin,4
771158,joshsh/sesametools,4
1163778,jenkinsci/template-project-plugin,4
3360581,jhorstmann/i18n,4
4370658,pires/android-obd-reader,4
3848803,Atrusberlin/Learning,4
4085198,hrach/fimu-pb239-drink-history,4
1016715,jhalterman/concurrentunit,4
1454892,KaneRoot/weka_tux,4
4210079,ELCHILEN0/AutoMessage,4
2130033,house13/CardBox,4
4469726,automan/fario,4
1603461,rlm33/TPV-RASS,4
4315333,kifj/jboss-syslog,3
2416685,plivo/plivo-java,3
4489790,jenkinsci/matrix-project-plugin,3
2883435,misdoro/VAMDC-Portal,3
4636294,exoplatform/crowdin-maven-plugin,3
2751093,nathanmarz/storm-contrib,3
3112525,droolsjbpm/drools-mas,3
2897974,bluebottle/is.idega.idegaweb.block.pheidippides,3
2314352,tinkerlog/Kritzler,3
1714530,pakerfeldt/android-viewflow,3
2499795,afelix/bemidea-bemhtml,3
320690,geoffreywiseman/Moo,3
1540230,pjaol/searchsaw,3
163373,OliverStuch/jodt,3
2836247,atimmer/SEM,3
2215467,gimsieke/epubcheck-xproc,3
206392,apache/xml-graphics-commons,3
4307722,lmcmenemie/ForcedGrammar,3
1308812,Feuermurmel/json,3
3367556,plannowtech/plannow-security,3
4088045,toby1984/jASM_16,3
1169195,jenkinsci/selenium-plugin,3
2994542,dozedoff/commonj,3
1815010,jtdev/blogpost_files,3
3487598,ncolomer/MapPush,3
1428047,seam/render,3
3716709,link-nv/util,3
1062569,mafrosis/Wake-On-Lan,3
4653586,mgodave/esl-client,3
2425037,nisovin/MagicSpells,3
3756907,skyscreamer/nevado,3
3323391,guoshun0321/GOGO-s-TEST,3
1049458,d2rq/d2rq,3
454682,brione/Brion-Learns-OAuth,3
2561981,dcibrao/cmov1_common,3
3415530,edie/MallManiaAndroid,3
1597040,bekvon/Residence,3
924449,dashorst/dashboard,3
2516145,AdamBien/lightfish,3
4710920,alibaba/dubbo,3
4638670,doapp/cakephp-eclipse-plugin,3
2672381,archiecobbs/dellroad-stuff-vaadin-spring-demo3,3
1578315,csware/si,3
3433581,JFXtras/jfxtras,3
3547815,mmornati/epomodoro,3
612967,tinkerpop/pipes,3
71440,3scale/3scale_ws_api_for_java,3
3282922,ElgarL/Towny,3
4529422,feldob/InPUT,3
3590271,vkravets/Fido4Java,3
4186637,tychobrailleur/cucumber-jvm-examples,3
3029138,rchatley/aepfacts,3
3937668,motech/motech-whp,3
1821548,romaframework/persistence-datanucleus,3
4207609,Njol/Skript,3
1820568,gwt-maven-plugin/gwt-maven-plugin,3
2589264,pranab/sifarish,3
1878594,nolanlawson/KeepScore,3
2227744,AndroidAalto/BookingRoom,3
4250855,spring-projects/spring-hateoas,3
3661027,hmsonline/cassandra-rest,3
2181596,jnape/Dynamic-Collections,3
2341027,jmorille/android,3
3372715,dunmatt/autonomousAgents,3
2541032,flintinatux/neverbelate,3
2817509,Q0rDev/MChat,3
3875148,ChangeVision/astah-cpp-reverse-plugin,3
4432539,argus-authz/argus-pep-server,3
3750999,jonnybbb/spring-social-xing,3
1564203,Moocar/logback-gelf,3
4112602,SquidPony/SquidLib,3
29408,rikrd/geomerative,3
2028683,ksclarke/freelib-djatoka,3
4459604,jknack/handlebars.java,3
1244443,rjmarsan/PlasmaPongAndroid,3
963360,droidcon/conference-mobile-app,3
2403092,jimmyshiau/ZKNetTrafficProxy,3
3800436,colombbus/tangara,3
4211452,openintents/distribution,3
2172650,JetBrains/la-clojure,3
3589845,bwormley/CS151_RPS,3
4103365,rk4an/ecos-controller,3
3874113,ThomsonTang/Java-Review,3
3214672,santa4nt/Galaxy-Torch,3
4155910,BaiduQA/Cafe,3
3607783,michaelklishin/quartz-mongodb,3
4310921,UnquietCode/Flapi,3
3976531,adempiere/extension_libero_manufacturing,3
3873884,OpenAttestation/OpenAttestation,3
2772361,FrontlineSMS-Credit/payment-service-safaricom-mpesa-ke,3
2924064,MLCL/FeatureExtractionToolkit,3
3294900,mike011/TanitaScale,3
206366,apache/mina,3
2372188,jasony62/ListCon-Android,3
2617456,jmlind/Ocarina,3
3002295,haveric/Statues,3
1540939,nadlabak/android_packages_apps_Usb,3
812530,CyanogenMod/android_packages_wallpapers_MagicSmoke,3
4435823,pierreetienne/maraton,3
2332230,unidevel/android,3
1982804,caelum/vraptor-test,3
4255192,twitter-university/LogNative,3
3423262,OneBusAway/onebusaway-gtfs-modules,3
2507560,jmeetsma/Iglu-Util,3
1125934,akquinet/android-archetypes,3
1081119,infochimps-labs/wonderdog,3
494920,guillaumebort/play-gae,3
1636408,sematext/HBaseWD,3
3377963,hmsonline/cassandra-triggers,3
2714527,ToxBank/toxbank-api-client,3
3382859,fullcontact/fullcontact4j,3
1635349,sanger-pathogens/crawl2,3
1657108,X1337X/Archers,3
3163275,molindo/esi4j,3
2622329,metamx/java-util,3
4163145,thedudeguy/RedCable,3
3604578,eclipse/xtend,3
1357146,tarttelin/JavaStubServer,3
2079805,vicctor/jaxygen,3
1469861,hanbei/mock-httpserver,3
1324147,ops4j/org.ops4j.pax.tinybundles,3
1995501,jjoe64/GraphView,3
416272,RobotiumTech/robotium,3
1794856,saucelabs/bamboo_sauce,3
1163829,jenkinsci/xvnc-plugin,3
2177845,GabiAxel/spring-social-google,3
2066589,jesperpedersen/tattletale,3
1456772,petedoyle/android-support-v4-googlemaps,3
2247696,hjohn/MediaSystem,3
4250157,buddycloud/buddycloud-media-server,3
4035181,zhuowei/PocketInvEditor,3
3458429,hypercube1024/firefly,3
2155793,JakeWharton/ViewPagerIndicator,3
1878532,cornwe19/GoMongo,3
3161748,mrniko/netty-socketio,3
4471919,lemire/simplebitmapbenchmark,3
4013604,Silverpeas/silverpeasmobile,3
2408410,iswangheng/DataMining-over-Sina-Weibo,3
1765327,eprudnikov/ClasspathConverter,3
793108,myGrid/simple-spreadsheet-extractor,3
3173446,OskarVeerhoek/YouTube-tutorials,3
3543961,kefirfromperm/tk,3
1163555,jenkinsci/github-plugin,3
2459552,wyona/yanel,3
3393603,realityforge/gelf4j,3
2916712,elastic/elasticsearch-cloud-aws,3
1656430,konradstrack/graphedge,3
3564955,locationtech/spatial4j,3
2240141,quietbamboo/MobiPerfUmich,3
4588226,spring-projects/grails-ide,3
895477,michel-kraemer/bson4jackson,3
2962688,Athou/GeekBot,3
3888785,CleverCloud/Bianca,3
2066721,toedter/JCalendar,3
1163667,jenkinsci/mstest-plugin,3
2422006,roghughe/captaindebug,3
1877380,rjyo/twitter-2-weibo,3
4150223,openshift/jenkins-cloud-plugin,3
3648412,sangupta/shire,3
1903255,wegneto/lab,3
2705232,ryanalane/Sudoku-Game,3
2562371,gumartinm/JavaForFun,3
1848246,jiaqi/jmxterm,2
3999633,cribbstechnologies/Java-Mandrill-Wrapper,2
2046220,apache/empire-db,2
1708715,lakpa/LocateDevice,2
3017200,uq-eresearch/oztrack,2
2475621,jmeetsma/Iglu-Common,2
1893907,objectledge/maven-extensions,2
4656013,mailat/bootcamp-2012-06-18,2
3897396,fHalo/fHalo,2
4177122,k0smik0/ulysses,2
589751,nnmatveev/idea-plugin-protobuf,2
2141178,mjsalerno/UnoBot,2
2980280,fab1an/appkit,2
832676,apache/karaf,2
298328,fusesource/jansi,2
2870878,icecondor/android,2
4311722,Noisyfox/Apktool-Android,2
504352,akkumar/hbasene,2
3585756,arey/hibernate-hydrate,2
1017341,eskatos/java-toolbox,2
502666,johanlkarlsson/microlog4android,2
3339637,lfowlie890/Emotodrome,2
3416668,mark-watson/Java-AI-Book-Code,2
3335396,nuxeo/nuxeo-diff,2
4054525,breber/cardgames,2
3835827,nfirex/StickySection,2
4153808,clone1018/Shocky,2
2006565,alkacon/alkacon-oamp,2
1922953,itm/itm-utils,2
4619362,taylor-project/taylor-seam-jsf2,2
3186619,kKEo/jdt-omutils,2
4276430,nmcl/JavaSim,2
3649012,ffpojo/ffpojo,2
4587932,nutzam/nutz-web,2
3219544,tmbarkve/HiOA-Bait,2
2622947,lookfirst/WePay-Java-SDK,2
317888,liferay/liferay-plugins,2
4528174,Vazkii/EasyFPS,2
3168103,jexp/batch-import,2
3040183,sykesd/gwt-reflector,2
3117791,drewjw81/appirater-android,2
3722297,Jasig/JasigWidgetPortlets,2
2527609,cdzombak/howyourdaywas,2
257508,walware/rj-servi,2
2815362,jOOQ/jOOU,2
391838,ntoll/RESTProvider,2
2141979,alphamu/Group-Deal-Clone,2
3801323,rotterdam-cs/liferayImageSlider,2
4368907,OpenBEL/openbel-framework,2
2138672,GeoLatte/geolatte-graph,2
1862107,lessthanoptimal/GeoRegression,2
722201,jruby/jruby-openssl,2
1163476,jenkinsci/cmakebuilder-plugin,2
2693213,magja/magja,2
4432110,italiangrid/cream,2
3211165,ladriangb/jSwitch-base-src,2
4151771,caelum/onibus-android,2
4633430,FRC3729/3729_2012,2
4215548,inovex/ViewPager3D,2
3772315,franzz2000/ExaFarm,2
2045178,eclipse/mylyn.context,2
1523922,ushadow/java_util,2
3326115,codecentric/jira-jenkins-plugin,2
4255858,holmeszyx/ZUtils,2
1767898,spring-projects/spring-social-linkedin,2
2488113,jayway/jax-rs-hateoas,2
2627575,darrikmazey/XymonQV,2
4069527,kolorobot/unit-testing-demo,2
2749276,Bluelock/camel-spring-amqp,2
2441239,xjodoin/torpedoquery,2
145875,tackley/dbdeploy,2
400791,miracle2k/android-autostarts,2
230783,metamolecular/mx,2
3699594,danielmoney/GeLL,2
3343869,CommonGoodFinance/rCredits-Android,2
4500731,joelittlejohn/embedmongo-maven-plugin,2
770901,ning/compress,2
1626476,apechinsky/srplib,2
2160914,daveedwards/dave,2
1019613,eskatos/asadmin,2
4718011,maxmind/geoip-api-java,2
4263930,agorava/agorava-core,2
2622978,arquillian/arquillian-extension-persistence,2
3202652,dwskoog/sciore-simpledb-maven,2
376975,psiegman/epublib,2
2941007,blackberry/Samples-for-Java,2
4015012,jubatus/jubatus-java-client,2
3528766,dmak/jaxb-xew-plugin,2
1147843,johannilsson/android-actionbar,2
1866205,oyse/yedit,2
3331206,TangKe/Aretha,2
4108676,cpw/ironchest,2
1163719,jenkinsci/release-plugin,2
3436629,Gebitang/TestTemp,2
4472255,VRL-Studio/JVTK,2
1929921,ultradns/hopper,2
972205,hibernate/hibernate-validator,2
3584696,gobozov/piterfm,2
4336113,htwg/UCE,2
3722304,Jasig/WeatherPortlet,2
4182801,derari/cthul,2
1719905,Condroidapp/android,2
2694930,hzbarcea/apachecon,2
1294286,killme2008/xmemcached,2
4263358,lukkm/ScrabbleEDA,2
3569008,tjohns/badgescanner,2
2914451,keesun/learning-programming,2
854559,AxonFramework/Axon-trader,2
1225993,jimwebber/neo4j-tutorial,2
3971676,benbahrenburg/benCoding.AlarmManager,2
2193608,RAMPKORV/Chips-Challenge-Java,2
3198644,jbrains/TddAndBeyond-Bratislava-2012,2
953765,vortic/mlcomp,2
3782548,bendude56/GoldenApple,2
4238768,wenshao/benchmark,2
1218399,Crindigo/Journey-of-Souls,2
1167436,beders/Resty,2
2071350,kydos/simd-java,2
1598815,hbasold/Krypto-Prakt,2
3847933,ilinkuo/ngwmn,2
2178622,avram/zandy,2
1638640,threerings/clyde,2
4159708,limcheekin/vaadin-addressbook-sample,2
2925081,codenauts/HockeySDK-Android,2
2652108,GlobalsDB/Challenges,2
3421289,suggitpe/Katas,2
2287347,grundid/osm-tools,2
1653694,kroimon/Bukkit-AlphaChest,2
156343,mrdon/maven-yamlpom-plugin,2
1163538,jenkinsci/dimensionsscm-plugin,2
617605,saces/concierge,2
206482,apache/abdera,2
2694429,iserv2/commons,2
3478459,AlexOteiza/PokemonISOFT,2
2666481,eclipse/eclipse.jdt.debug,2
4536629,OAuth-Apis/apis,2
4324374,eliseche/qupon-android,2
2490885,hampelratte/svdrp4j,2
4378544,Shoebill/shoebill-api,2
3200328,DawnScience/dawn-isenciaui,2
4193152,max-weller/friendica-for-android,2
2591531,AEminium/AeminiumBenchmarks,2
606407,onesocialweb/osw-lib-java,2
2436119,andi0815/RandomFilm,2
4445699,nuxeo/nuxeo-connect,2
2870721,yetanotherx/WorldEditCUI,2
4550387,TheHiddenDuck/android-service-arch,2
4397685,JRebirth/EclipseDay-Presentation,2
4684404,PiotrNowicki/CDI-Config,2
2134055,hunterhacker/jdom,2
1790508,spring-projects/spring-test-mvc,2
297658,sitemesh/sitemesh2,2
819907,weld/core,2
2500143,hampelratte/lazybones,2
4528162,Vazkii/Health-Bars,2
1190111,devilived/devillived_java,2
1163521,jenkinsci/deploy-plugin,2
1556681,caelum/vraptor-freemarker,2
1683240,geocam/geocamMemoAndroid,2
1323052,jnr/jnr-ffi,2
2515590,perf4j/perf4j,2
1203162,hallvard/jexercise,2
1851333,jbundle/jbundle,2
1609211,rtyley/android-viewholder-listviews,2
4622994,bookieio/Bookie-Android,2
1011333,jeremybrooks/knicker,2
4317194,zwilias/Carver,2
4128994,rumour/jtrek,2
1169646,msohn/HelloWorld,2
3714921,databanana/WhartonEventScheduler,2
3608319,hudson3-plugins/groovy-support-plugin,2
1410971,seam/social,2
1373984,Evenprime/NoCheat,2
2265817,powertac/server-interface,2
2407497,MikeOrtiz/TouchImageView,2
3670113,pgroth/hbase-rdf,2
1636473,jschaeffer/js-1,2
1899333,Ekryd/Vinnarstegen,2
2923236,typesafehub/config,2
2007207,SecurityCompass/AndroidLabs,2
4358172,monmohan/mgraphlib,2
2955091,ssalevan/cc-helloworld,2
1163467,jenkinsci/claim-plugin,2
80332,jacek99/javabuilders,2
2914181,openproject/world,2
1072614,spring-projects/spring-data-commons,2
1751509,Acrobot/ChestShop-3,2
4669421,anhalter42/Minecraft-Bukkit-Circuit,2
1557479,craftfire/AuthDB,2
1886205,scalastuff/esbt,2
3018948,leonardpunt/NeuraalNetwerk,2
369176,caelum/restfulie-java,2
775447,jexp/jpatterns,2
3024852,santolucito/MusicGen,2
4025771,Elbandi/droidtv,2
3657615,killme2008/Metamorphosis,2
3806452,geronimo-iia/keystone,2
4381442,liviodlc/igf_project,2
758999,markwkm/PGTop,2
1548460,justinjmiller/SimpleDAO,2
481460,joestelmach/natty,2
2868138,Multitallented/Townships,2
2666662,eclipse/lyo.core,2
790859,jboss-switchyard/core,2
954637,craigwblake/redline,2
3520331,marspeople/NoRefreshToggle,2
3323112,bwagner/wordhierarchy,2
3220459,jenkinsci/fogbugz-plugin,2
2722900,trasa/BronzeThistle,2
2276805,Mobisocial/SocialKit,2
3568037,MFazio23/SimSports,2
1325112,jenkinsci/backend-jenkins-plugin-info-plugin,2
3871988,ryanhamshire/GriefPrevention,2
2118191,xmt/BitcoinJ,2
3942127,rovo89/XposedMods,2
1932973,rossrowe/sauce-ci-java-demo,2
3224235,sancha/jrae,2
1776227,mulesoft/maven-mule-plugin,2
3442167,Anasthase/TintBrowser,2
1814578,mikaelhg/urlbuilder,2
4446385,frapontillo/ImageViewEx,2
3236245,inceptus/inceptusRobot-2012,1
3528768,jenkinsci/credentials-plugin,1
1484228,trendrr/strest-server,1
1953077,AllBinary/AllBinary-Platform,1
2389174,eclipse/eclipse.platform.runtime,1
3514595,SuperSpyTX/AntiBot,1
2142165,Asquera/elasticsearch-jruby-river,1
1204101,jenkinsci/backend-update-center2,1
3494130,XSoftBG/echo3,1
1115089,caelum/agiletickets,1
2020033,PEXPlugins/Modifyworld,1
2308025,guardianproject/cacert,1
3468682,htdvisser/Skt,1
1528048,patrickpollet/moodlews_ksoap2,1
3551455,petitparser/java-petitparser,1
1544249,nathanmarz/dfs-datastores,1
3995158,feltocraig/Web_Fuzzer,1
3388811,madaan/Weka-Grain,1
4019091,credentials/scuba,1
3422455,reficio/p2-maven-plugin,1
3742298,performant-software/juxta-service,1
4297667,Raizlabs/RZAndroidBaseUtils,1
1202062,hborders/JavaInJava,1
4668183,palominolabs/benchpress,1
2190172,katjas/PDFrenderer,1
2531532,crajkumarbe/HelloWorld,1
3341697,Technius/SkyQuest,1
4622964,Aethelflaed/connectbot,1
2500828,matejxxx/EARS,1
1847162,Jire/runecore,1
2192780,jOOQ/jOOX,1
3097510,RobertZenz/EasyMineLauncher,1
2302326,Icy-imaging/Icy-Updater,1
2585968,Blockhead2/Catacombs,1
3165743,RyanCoonan/custom-playlist,1
1163434,jenkinsci/analysis-collector-plugin,1
4662691,vertica/Vertica-Hadoop-Connector,1
2286715,ChiralBehaviors/Vader,1
3902672,maciejwalkowiak/java-plist-serializer,1
3466189,jdesulme/Inventory-Management-System,1
3640660,Minestar/ContaoTwo,1
2704306,doits/Sparse-RSS,1
739257,zenbones/SmallMind,1
4039118,codehaus/httpcache4j,1
3058390,s4ke/BlockBreaker,1
3036748,joel-costigliola/fest-examples,1
4150274,freshplanet/ANE-Push-Notification,1
3242157,agoncal/agoncal-application-petstore-ee6,1
3010523,TheNumenorean/MinePermit,1
4337748,jebberwocky/jebberwocky-contactsback-android,1
3013834,XereoNet/SpaceBukkit,1
3642342,Meowness/CashFlow,1
615807,brandonborkholder/glg2d,1
825910,CyanogenMod/android_packages_apps_Torch,1
3364057,mariomarroquim/scanner_applet,1
2577679,nhydock/FF1-Battle-System,1
348975,axelson/ics412,1
2464898,mirraj2/Wolf,1
1575428,Hawox/uQuest,1
1821805,popbl6/eMandoa,1
1016728,jhalterman/expiringmap,1
3948879,winzard/TrackStudio-ITSM,1
3564284,Krilivye/Jocco,1
466141,ianopolous/JPC,1
3260575,tcoxon/metazelda,1
946245,andygibson/datafactory,1
3664692,internetarchive/archive-commons,1
3524947,os890/DS_Discuss,1
2549853,toshikurauchi/MaskedEditText,1
4038111,snowindy/scriptlet4docx,1
3505276,Super-Flip/Rider,1
656321,OliverHoffmann/PleoCommand,1
1427868,huljas/play-messages,1
4115663,geosolutions-it/geofence,1
1709076,c00kiemon5ter/Fractal-Image-Compression,1
4622985,vaal12/AndroidFileBrowser,1
2651485,niloc132/SenchaConSnake,1
2518654,pbloem/Lilian,1
1862593,mocleiri/github-oauth-plugin,1
3560480,oncereply/jscompressor,1
1361214,jnr/jnr-unixsocket,1
2282943,tkhduracell/java_facebook_notifier,1
2660654,thingsfx/ThingsFX,1
1335544,MongoLink/mongolink,1
2032922,josef-jelinek/acube,1
2929184,RSG/Carnivore,1
1163788,jenkinsci/testng-plugin-plugin,1
3175585,struberg/deltaspike,1
4266518,weretaco/Space-Race,1
4002403,thest1/Android-VKontakte-SDK,1
1258703,olibye/AndroViews,1
2170669,takari/maven-profiler,1
3723827,powertac/officecomplex-customer,1
3005181,beyonda520/note,1
4095475,propra12-orga/gruppe40,1
1768088,spring-projects/spring-social-github,1
2845921,UISpec4J/UISpec4J,1
2934314,RoyalDev/RoyalCommands,1
4350880,archie18/PDIdbAnalyzer,1
2029446,JetBrains/codereview4intellij,1
3782724,iron-io/iron_worker_java,1
1765541,ScaleUnlimited/cascading.solr,1
4022859,twitter-university/FibonacciBinderDemo,1
2166766,iquadrat/jbenchx,1
546740,krka/kahlua2,1
3214566,prj/me7-tools,1
3466703,CompEvol/MASTER,1
1163554,jenkinsci/fitnesse-plugin,1
1530118,bitcoin-labs/bitcoin-mobile-android,1
1554671,ceepeeuk/Radio,1
1559120,soundcloud/java-api-wrapper,1
4211864,musketyr/gpars-appengine,1
4484894,jclawson/hazeltask,1
3200640,sivanp/JoyDivision,1
2753943,ptgoetz/storm-jms,1
4462558,emilsjolander/StickyScrollViewItems,1
4551237,liudongmiao/bible,1
3809835,Cowsrcool/connectbot-keyboardfix,1
2452927,oliver6600gt/TDD-finance,1
3834292,UofT-DEBS-Challenge/ECE1770-DEBS-Challenge,1
3417997,ande3577/XC-Ski-Trail-Reports,1
3477154,ktosiek/GenericNameCustomCharacterSheet,1
1732668,Bio-PEPA/Bio-PEPA,1
3467722,pingpongboss/Phone-Modem,1
2434356,echurchill/CityWorld,1
2123809,GeoLatte/geolatte-common,1
2316488,Codisimus/TextPlayer,1
3004403,Technius/SkyrimRPG,1
1789512,ddewaele/GooglePlacesApi,1
895048,thobbs/flume-cassandra-plugin,1
1558503,ryoasai/spring-mvc-exts,1
4399205,ebourg/jsign,1
3802108,synyker/JonnenTowerDefense,1
389082,erikrozendaal/cqrs-lottery,1
710733,spullara/havrobase,1
708402,jukka/tagsoup,1
3098067,SydMontague/BuySkills,1
3962814,qianhk/FeiAndroid,1
2746929,jondwillis/AChartEngine,1
3971197,cfreeman/TriggerTracker,1
4117239,LiveRampArchive/megadesk,1
1407946,cuisines/tizzit,1
2327138,lupino3/edumips64,1
3866945,bkleinen/Info2Examples,1
2431162,dralves/gargds,1
4260624,opcoach/training,1
3604595,eclipse/emf,1
2850916,mhink/Learning-Bayesian-Networks,1
3667007,kohsuke/file-leak-detector,1
3355503,SpoutDev/BukkitBridge,1
2022916,mttkay/ignition,1
2486899,nikt/Finger-Paint,1
2062032,jpace/diffj,1
957456,mmitch/apsynth,1
1910231,sw805a/Ace-It,1
594627,magro/kryo-serializers,1
2037836,buschmais/testbeans,1
2324364,jankotek/JDBM3,1
3380673,igor-petruk/protobuf-maven-plugin,1
751174,albb0920/LunaTerm,1
3766706,iBotPeaches/Apktool,1
4031918,pektinasen/Computergrafik,1
3985540,marceloemanoel/vraptor-js-controller,1
2988800,nuxeo/nuxeo-apidoc-server,1
3811831,appcelerator/titanium_studio_sdk,1
4331248,daizhenjun/ImageFilterForAndroid,1
4734723,cetusteam/jira2gh,1
2395773,facebookarchive/tsdash,1
4042631,semanticpc/Essay-Scoring,1
3541192,lionleaf/Icarus,1
305067,webmetrics/browsermob-proxy,1
4099154,AndersonQ/PresaPredadorVAC,1
4040685,xebialabs/overcast,1
507990,jonklein/Psh,1
2195799,zch/ContextHelp,1
4000999,beothorn/FilmeUtils,1
1108234,jenkins-infra/ircbot,1
2333659,andiwand/ptbridge,1
2465696,wjw465150/Sqs4J,1
3243572,shontauro/android-pulltorefresh-and-loadmore,1
499043,mhgrove/cp-openrdf-utils,1
1181787,mandubian/siena,1
519945,bryanjswift/google-sites-liberation,1
3666596,betterphp/NoFloatingTrees,1
822100,infradna/bridge-method-injector,1
4628181,bibo38/Bibo38Lib,1
2699997,trevorknight/DJHal,1
4697580,MarkehMe/FactionsPlus,1
2942615,JakeWharton/NineOldAndroids,1
1263949,fusesource/stompjms,1
2141229,merks/Xcore,1
4105119,JuliaWinn/number_partition,1
4506865,themadcreator/delaunay,1
3012154,sonyxperiadev/ChkBugReport,1
3181577,integeruser/jgltut,1
2644751,nuxeo/nuxeo-platform-suggestbox,1
1908509,masterodie/craftStats,1
2614605,feigensp/Prophet,1
4710876,Trinea/android-common,1
558963,httpcache4j/httpcache4j,1
3093751,alesaudate/kickstart-springjerseyhibernate,1
1064342,dvgrhl/BatteryCalibrator,1
1557667,six2six/bfgex,1
3297549,halfninja/android-parallax-wallpaper,1
1511134,chrisvest/stormpot,1
3130433,Sablednah/MobHealth,1
2280644,aeshell/aesh,1
1905144,datacite/search,1
4739098,justinwyer/goodstuff-example,1
2449779,pulkit110/Twitter-Data-Miner,1
3517940,commoncrawl/commoncrawl-crawler,1
4315362,plusonelabs/calendar-widget,1
2045942,gongwenjuan/JPCAP_demo,1
1575007,Clintonio/NatureOverhaul,1
4564034,msteiger/jxmapviewer2,1
4128628,evernote/evernote-sdk-android,1
185273,freenet/plugin-KeyUtils,1
1943047,encog/encog-java-examples,1
4153019,zzats/JonnenTowerDefense,1
1963116,MilkBowl/CombatEventsCore,1
3545307,ralscha/playground,1
903857,dmitriid/blueredis,1
2613453,jparks/aura,1
1959957,gilaraujo/marketvc,1
4136027,AdamBien/connectorz,1
3597850,zach-klippenstein/captivate,1
3363806,entropian/Gangweb,1
4248705,IISH/object-repository-servicenodes,1
1613897,dweiss/proguard,1
1713640,saucelabs/saucerest-java,1
3712919,sina-masoud-ansari/SOFTENG_751,1
770066,gaubert/DWD-metadata-transformers,1
2440562,colabug/ViewDragger,1
957504,adamantivm/Escribime,1
989788,hibernate/hibernate-metamodelgen,1
2057148,ClockworkMod/DeskSMS,1
4124677,zed42jr/proj_IBJavaSrv3,1
891905,fornwall/eclipsecoder,1
3469382,JetBrains/teamcity-local-cloud,1
3816292,cescoffier/maven-play2-plugin,1
4380088,cjlarose/MagicSquares,1
2400376,danielflower/maven-gitlog-plugin,1
1810398,spring-projects/spring-android,1
4079011,michaelcueno/TSP,1
2045053,eclipse/acceleo,1
4742648,LastRide/netcracker-web,1
